"Account Type","Account Number","Transaction Date","Cheque Number","Description 1","Description 2","CAD$","USD$"
Visa,4512********6561,1/3/2026,,"ROGERS ******8709 888-764-3771 ON",,-63.17,,
Visa,4512********6561,1/3/2026,,"FORTINOS (APPLEBY & DU BURLINGTON ON",,-140.96,,
Visa,4512********6561,1/3/2026,,"PETSMART INC. 2028 BURLINGTON ON",,-68.11,,
Visa,4512********6561,1/3/2026,,"AMZN Mktp CA*641JA4SZ3 866-216-1072 ON",,-125.43,,
Visa,4512********6561,1/3/2026,,"AMZN Mktp CA*P36L97GP3 866-216-1072 ON",,-18.89,,
Visa,4512********6561,1/4/2026,,"AMZN Mktp CA*EX66W6X63 866-216-1072 ON",,-12.92,,
Visa,4512********6561,1/4/2026,,"Amazon.ca*YF7ZA3AT3 866-216-1072 ON",,-15.83,,
Visa,4512********6561,1/4/2026,,"BLACKS PHOTO MONTREAL QC",,-44.65,,
Visa,4512********6561,1/4/2026,,"JACADI SA PARIS",,-207.10,,
Visa,4512********6561,1/5/2026,,"ROCK THIS WAY 905-331-9800 ON",,-152.00,,
Visa,4512********6561,1/5/2026,,"AMZN Mktp CA*WC9B65NC3 866-216-1072 ON",,-67.68,,
Visa,4512********6561,1/5/2026,,"STARSKY FINE FOODS HAM HAMILTON ON",,-125.36,,
Visa,4512********6561,1/5/2026,,"TIM HORTONS #4326 BURLINGTON ON",,-5.19,,
Visa,4512********6561,1/6/2026,,"PUBLIC MOBILE SELF-SER EDMONTON AB",,-39.55,,
Visa,4512********6561,1/6/2026,,"AMZN Mktp CA*CA1399MV3 866-216-1072 ON",,-7.67,,
Visa,4512********6561,1/6/2026,,"AUTOMATIC PAYMENT -THANK YOU",,3408.74,,
Visa,4512********6561,1/6/2026,,"Amazon.ca*KZ0RC8KE3 866-216-1072 ON",,-21.46,,
Visa,4512********6561,1/7/2026,,"PUBLIC MOBILE SELF-SER EDMONTON AB",,-38.42,,
Visa,4512********6561,1/7/2026,,"BLACKS PHOTO MONTREAL QC",,-28.24,,
Visa,4512********6561,1/7/2026,,"Amazon.ca*IU3YF1WX3 866-216-1072 ON",,-64.10,,
Visa,4512********6561,1/8/2026,,"MIXBOOK.COM MIXBOOK.COM CA",,-67.98,,
Visa,4512********6561,1/8/2026,,"AMZN Mktp CA*1D5VG7O33 866-216-1072 ON",,-40.67,,
Visa,4512********6561,1/9/2026,,"Amazon.ca 866-216-1072 ON",,64.10,,
Visa,4512********6561,1/9/2026,,"AMZN Mktp CA*OV1BK0XS3 866-216-1072 ON",,-61.01,,
Visa,4512********6561,1/10/2026,,"BURGER FACTORY 023 - B Burlington ON",,-2.81,,
Visa,4512********6561,1/10/2026,,"AMZN Mktp CA*776RE9J73 866-216-1072 ON",,-13.24,,
Visa,4512********6561,1/10/2026,,"CONSERVATION HALTON 905-336-1158 ON",,-20.06,,
Visa,4512********6561,1/10/2026,,"PP*9407CODE 4029357733 ON",,-2.45,,
Visa,4512********6561,1/12/2026,,"WAT AH JERK CARRIBEAN GRITORONTO ON",,-16.95,,
Visa,4512********6561,1/12/2026,,"PUBLIC MOBILE SELF-SER EDMONTON AB",,39.55,,
Visa,4512********6561,1/12/2026,,"Amazon.ca*EX2EQ4O33 866-216-1072 ON",,-25.20,,
Visa,4512********6561,1/12/2026,,"AMZN Mktp CA*QT2J50C23 866-216-1072 ON",,-22.95,,
Visa,4512********6561,1/12/2026,,"GAP.COM 800-427-7895 ON",,-52.51,,
Visa,4512********6561,1/13/2026,,"AMZN Mktp CA*9U6NY9683 866-216-1072 ON",,-31.63,,
Visa,4512********6561,1/13/2026,,"AMZN Mktp CA*4K5541SN3 866-216-1072 ON",,-31.35,,
Visa,4512********6561,1/13/2026,,"AMZN Mktp CA*EG3B93YG3 866-216-1072 ON",,-11.29,,
Visa,4512********6561,1/13/2026,,"METRO 84 BURLINGTON ON",,-132.63,,
Visa,4512********6561,1/14/2026,,"AMZN Mktp CA*JA9K42I03 866-216-1072 ON",,-45.19,,
Visa,4512********6561,1/14/2026,,"AMZN Mktp CA*930O548W3 866-216-1072 ON",,-15.02,,
Visa,4512********6561,1/15/2026,,"AMZN Mktp CA*ER1DS6QD3 866-216-1072 ON",,-13.24,,
Visa,4512********6561,1/16/2026,,"SP YOTO PARTNERS CA YOTO-CANADA.MCA",,-48.57,,
Visa,4512********6561,1/16/2026,,"Amazon.ca 866-216-1072 ON",,15.83,,
Visa,4512********6561,12/17/2025,,"AMZN Mktp CA*AS9HI6M33 866-216-1072 ON",,-77.48,,
Visa,4512********6561,12/17/2025,,"Amazon.ca*HH5VL4P93 866-216-1072 ON",,-16.90,,
Visa,4512********6561,12/17/2025,,"Amazon.ca*9J2NO4UV3 866-216-1072 ON",,-82.49,,
Visa,4512********6561,12/17/2025,,"AMZN Mktp CA*BZ8PQ3CM3 866-216-1072 ON",,-15.82,,
Visa,4512********6561,12/17/2025,,"AMZN Mktp CA*D38CS58M3 866-216-1072 ON",,-29.32,,
Visa,4512********6561,12/18/2025,,"AMZN Mktp CA*JE7816O73 866-216-1072 ON",,-25.98,,
Visa,4512********6561,12/18/2025,,"Amazon.ca*DG4UZ73R3 866-216-1072 ON",,-28.25,,
Visa,4512********6561,12/20/2025,,"AMZN Mktp CA*SO1JF0AS3 866-216-1072 ON",,-90.38,,
Visa,4512********6561,12/21/2025,,"CARYL BAKER VISAGE BURLINGTON ON",,-162.44,,
Visa,4512********6561,12/21/2025,,"RFBT-MAPLEVIEW CENTRE BURLINGTON ON",,-18.37,,
Visa,4512********6561,12/22/2025,,"ECS COFFEE INC BURLINGTONBURLINGTON ON",,-33.99,,
Visa,4512********6561,12/23/2025,,"T&T SUPERMARKET #015 MISSISSAUGA ON",,-188.08,,
Visa,4512********6561,12/23/2025,,"FORTINOS (APPLEBY & DU BURLINGTON ON",,-123.31,,
Visa,4512********6561,12/25/2025,,"SQ *TASHA TI CAKES NORTH YORK ON",,-6.00,,
Visa,4512********6561,12/25/2025,,"SQ *TASHA TI CAKES NORTH YORK ON",,-4.00,,
Visa,4512********6561,12/26/2025,,"BUYTIX.CA 416-721-4260 ON",,-110.00,,
Visa,4512********6561,12/26/2025,,"BURLINGTON NAIL BAR BURLINGTON ON",,-89.75,,
Visa,4512********6561,12/27/2025,,"WAL-MART ONLINE PHOTO MISSISSAUGA ON",,-85.81,,
Visa,4512********6561,12/28/2025,,"PETRO-CANADA 00122 BURLINGTON ON",,-78.44,,
Visa,4512********6561,12/28/2025,,"OXIO.CA MONTREAL QC",,-50.85,,
Visa,4512********6561,12/28/2025,,"Amazon.ca*MH6T151N3 866-216-1072 ON",,-37.56,,
Visa,4512********6561,12/28/2025,,"WAL-MART SUPERCENTER#3200OAKVILLE ON",,-47.02,,
Visa,4512********6561,12/30/2025,,"OOMA CANADA INC 650-269-3061 BC",,-6.34,,
Visa,4512********6561,12/30/2025,,"Amazon.ca*BH8GB1KL1 866-216-1072 ON",,-14.66,,
Visa,4512********6561,12/30/2025,,"AMZN Mktp CA*3D2QX4CS3 866-216-1072 ON",,-49.95,,
Visa,4512********6561,12/30/2025,,"AMZN Mktp CA*U94P36FZ3 866-216-1072 ON",,-18.07,,
Visa,4512********6561,12/31/2025,,"AMZN Mktp CA*BH82T1IQ2 866-216-1072 ON",,-30.59,,
Visa,4512********6561,12/31/2025,,"Amazon.ca*SH5S72A13 866-216-1072 ON",,-16.79,,
Visa,4512********6561,12/31/2025,,"PrimeVideo.c*CQ6T29603 www.amazon.caBC",,-5.64,,
Visa,4512********6561,4/15/2026,,Amazon.ca 866-216-1072 ON,,-143.63,
Visa,4512********6561,3/8/2026,,TIM HORTONS #4326 BURLINGTON ON,,227.19,
Visa,4512********6561,12/22/2026,,AMZN Mktp CA*9U6NY9683 866-216-1072 ON,,-282.88,
Visa,4512********6561,8/27/2026,,PETRO-CANADA 00122 BURLINGTON ON,,111.73,
Visa,4512********6561,2/1/2026,,BURLINGTON NAIL BAR BURLINGTON ON,,279.69,
Visa,4512********6561,4/10/2026,,Amazon.ca*HH5VL4P93 866-216-1072 ON,,56.24,
Visa,4512********6561,8/5/2026,,WAL-MART SUPERCENTER#3200OAKVILLE ON,,-43.71,
Visa,4512********6561,11/10/2026,,ROCK THIS WAY 905-331-9800 ON,,-60.09,
Visa,4512********6561,10/11/2026,,BURLINGTON NAIL BAR BURLINGTON ON,,162.17,
Visa,4512********6561,5/28/2026,,AMZN Mktp CA*3D2QX4CS3 866-216-1072 ON,,61.93,
Visa,4512********6561,10/31/2026,,STARSKY FINE FOODS HAM HAMILTON ON,,-21.35,
Visa,4512********6561,1/2/2026,,AMZN Mktp CA*D38CS58M3 866-216-1072 ON,,-211.43,
Visa,4512********6561,3/7/2026,,PrimeVideo.c*CQ6T29603 www.amazon.caBC,,-165.17,
Visa,4512********6561,4/12/2026,,AMZN Mktp CA*EX66W6X63 866-216-1072 ON,,244.43,
Visa,4512********6561,12/10/2026,,Amazon.ca*MH6T151N3 866-216-1072 ON,,123.55,
Visa,4512********6561,12/26/2026,,BURGER FACTORY 023 - B Burlington ON,,160.39,
Visa,4512********6561,6/25/2026,,PETRO-CANADA 00122 BURLINGTON ON,,143.17,
Visa,4512********6561,7/7/2026,,TIM HORTONS #4326 BURLINGTON ON,,55.19,
Visa,4512********6561,9/11/2026,,AMZN Mktp CA*CA1399MV3 866-216-1072 ON,,221.95,
Visa,4512********6561,5/14/2026,,AMZN Mktp CA*930O548W3 866-216-1072 ON,,-91.57,
Visa,4512********6561,11/13/2026,,AMZN Mktp CA*WC9B65NC3 866-216-1072 ON,,-259.03,
Visa,4512********6561,9/8/2026,,RFBT-MAPLEVIEW CENTRE BURLINGTON ON,,278.55,
Visa,4512********6561,5/16/2026,,Amazon.ca*BH8GB1KL1 866-216-1072 ON,,-147.80,
Visa,4512********6561,6/27/2026,,AMZN Mktp CA*EX66W6X63 866-216-1072 ON,,127.40,
Visa,4512********6561,1/23/2026,,AMZN Mktp CA*776RE9J73 866-216-1072 ON,,-195.13,
Visa,4512********6561,11/4/2026,,BURGER FACTORY 023 - B Burlington ON,,212.28,
Visa,4512********6561,12/22/2026,,MIXBOOK.COM MIXBOOK.COM CA,,-293.08,
Visa,4512********6561,10/9/2026,,AMZN Mktp CA*SO1JF0AS3 866-216-1072 ON,,295.20,
Visa,4512********6561,9/29/2026,,PUBLIC MOBILE SELF-SER EDMONTON AB,,62.86,
Visa,4512********6561,7/6/2026,,PUBLIC MOBILE SELF-SER EDMONTON AB,,-25.58,
Visa,4512********6561,2/23/2026,,AMZN Mktp CA*D38CS58M3 866-216-1072 ON,,-17.97,
Visa,4512********6561,12/28/2026,,PETSMART INC. 2028 BURLINGTON ON,,7.01,
Visa,4512********6561,3/26/2026,,T&T SUPERMARKET #015 MISSISSAUGA ON,,95.79,
Visa,4512********6561,3/9/2026,,AMZN Mktp CA*CA1399MV3 866-216-1072 ON,,-180.25,
Visa,4512********6561,6/19/2026,,SP YOTO PARTNERS CA YOTO-CANADA.MCA,,14.10,
Visa,4512********6561,2/18/2026,,Amazon.ca 866-216-1072 ON,,287.85,
Visa,4512********6561,11/9/2026,,PETSMART INC. 2028 BURLINGTON ON,,224.29,
Visa,4512********6561,9/29/2026,,AMZN Mktp CA*JA9K42I03 866-216-1072 ON,,-121.45,
Visa,4512********6561,7/21/2026,,AMZN Mktp CA*EX66W6X63 866-216-1072 ON,,131.68,
Visa,4512********6561,3/25/2026,,ECS COFFEE INC BURLINGTONBURLINGTON ON,,10.61,
Visa,4512********6561,9/20/2026,,Amazon.ca 866-216-1072 ON,,-26.06,
Visa,4512********6561,10/11/2026,,WAT AH JERK CARRIBEAN GRITORONTO ON,,-138.69,
Visa,4512********6561,1/7/2026,,AMZN Mktp CA*BH82T1IQ2 866-216-1072 ON,,19.25,
Visa,4512********6561,12/9/2026,,BLACKS PHOTO MONTREAL QC,,-46.59,
Visa,4512********6561,6/1/2026,,Amazon.ca*9J2NO4UV3 866-216-1072 ON,,203.06,
Visa,4512********6561,1/16/2026,,AMZN Mktp CA*1D5VG7O33 866-216-1072 ON,,-219.43,
Visa,4512********6561,8/6/2026,,PETSMART INC. 2028 BURLINGTON ON,,-159.85,
Visa,4512********6561,11/18/2026,,PP*9407CODE 4029357733 ON,,-290.52,
Visa,4512********6561,1/2/2026,,Amazon.ca*MH6T151N3 866-216-1072 ON,,-77.93,
Visa,4512********6561,9/5/2026,,T&T SUPERMARKET #015 MISSISSAUGA ON,,192.04,
Visa,4512********6561,7/26/2026,,OOMA CANADA INC 650-269-3061 BC,,-269.66,
Visa,4512********6561,9/10/2026,,PUBLIC MOBILE SELF-SER EDMONTON AB,,20.77,
Visa,4512********6561,12/2/2026,,Amazon.ca*SH5S72A13 866-216-1072 ON,,241.83,
Visa,4512********6561,6/2/2026,,BUYTIX.CA 416-721-4260 ON,,-57.32,
Visa,4512********6561,3/25/2026,,AMZN Mktp CA*AS9HI6M33 866-216-1072 ON,,-164.57,
Visa,4512********6561,11/29/2026,,TIM HORTONS #4326 BURLINGTON ON,,126.46,
Visa,4512********6561,9/9/2026,,RFBT-MAPLEVIEW CENTRE BURLINGTON ON,,62.34,
Visa,4512********6561,8/3/2026,,ROGERS ******8709 888-764-3771 ON,,0.06,
Visa,4512********6561,4/2/2026,,WAL-MART ONLINE PHOTO MISSISSAUGA ON,,-53.75,
Visa,4512********6561,1/23/2026,,AMZN Mktp CA*BH82T1IQ2 866-216-1072 ON,,127.41,
Visa,4512********6561,5/31/2026,,AMZN Mktp CA*OV1BK0XS3 866-216-1072 ON,,-148.67,
Visa,4512********6561,3/27/2026,,CARYL BAKER VISAGE BURLINGTON ON,,-207.58,
Visa,4512********6561,7/28/2026,,Amazon.ca*BH8GB1KL1 866-216-1072 ON,,71.68,
Visa,4512********6561,11/24/2026,,Amazon.ca 866-216-1072 ON,,125.82,
Visa,4512********6561,6/24/2026,,BLACKS PHOTO MONTREAL QC,,-37.27,
Visa,4512********6561,2/15/2026,,METRO 84 BURLINGTON ON,,-281.48,
Visa,4512********6561,3/2/2026,,SQ *TASHA TI CAKES NORTH YORK ON,,-83.25,
Visa,4512********6561,7/23/2026,,BLACKS PHOTO MONTREAL QC,,285.03,
Visa,4512********6561,11/9/2026,,AMZN Mktp CA*641JA4SZ3 866-216-1072 ON,,188.25,
Visa,4512********6561,12/5/2026,,ECS COFFEE INC BURLINGTONBURLINGTON ON,,-278.96,
Visa,4512********6561,9/28/2026,,PP*9407CODE 4029357733 ON,,58.58,
Visa,4512********6561,12/24/2026,,Amazon.ca*SH5S72A13 866-216-1072 ON,,-3.56,
Visa,4512********6561,4/6/2026,,Amazon.ca*YF7ZA3AT3 866-216-1072 ON,,-133.86,
Visa,4512********6561,2/25/2026,,Amazon.ca*EX2EQ4O33 866-216-1072 ON,,-126.62,
Visa,4512********6561,3/22/2026,,PUBLIC MOBILE SELF-SER EDMONTON AB,,-66.38,
Visa,4512********6561,5/13/2026,,AMZN Mktp CA*EG3B93YG3 866-216-1072 ON,,-239.52,
Visa,4512********6561,2/6/2026,,SQ *TASHA TI CAKES NORTH YORK ON,,-17.76,
Visa,4512********6561,8/21/2026,,AMZN Mktp CA*930O548W3 866-216-1072 ON,,31.14,
Visa,4512********6561,7/14/2026,,AMZN Mktp CA*641JA4SZ3 866-216-1072 ON,,248.20,
Visa,4512********6561,12/18/2026,,FORTINOS (APPLEBY & DU BURLINGTON ON,,-156.84,
Visa,4512********6561,3/24/2026,,AMZN Mktp CA*9U6NY9683 866-216-1072 ON,,-48.05,
Visa,4512********6561,2/9/2026,,AMZN Mktp CA*P36L97GP3 866-216-1072 ON,,29.85,
Visa,4512********6561,3/25/2026,,JACADI SA PARIS,,-274.24,
Visa,4512********6561,11/12/2026,,AMZN Mktp CA*QT2J50C23 866-216-1072 ON,,-72.29,
Visa,4512********6561,5/19/2026,,AMZN Mktp CA*OV1BK0XS3 866-216-1072 ON,,-139.51,
Visa,4512********6561,4/26/2026,,PETRO-CANADA 00122 BURLINGTON ON,,-69.22,
Visa,4512********6561,5/30/2026,,BURLINGTON NAIL BAR BURLINGTON ON,,-260.74,
Visa,4512********6561,3/21/2026,,Amazon.ca*BH8GB1KL1 866-216-1072 ON,,28.91,
Visa,4512********6561,5/30/2026,,Amazon.ca*HH5VL4P93 866-216-1072 ON,,-169.46,
Visa,4512********6561,1/11/2026,,BURGER FACTORY 023 - B Burlington ON,,278.01,
Visa,4512********6561,3/26/2026,,AMZN Mktp CA*BZ8PQ3CM3 866-216-1072 ON,,271.56,
Visa,4512********6561,9/16/2026,,TIM HORTONS #4326 BURLINGTON ON,,-45.90,
Visa,4512********6561,9/21/2026,,FORTINOS (APPLEBY & DU BURLINGTON ON,,196.00,
Visa,4512********6561,10/12/2026,,AMZN Mktp CA*641JA4SZ3 866-216-1072 ON,,272.43,
Visa,4512********6561,9/26/2026,,AMZN Mktp CA*EG3B93YG3 866-216-1072 ON,,-214.63,
Visa,4512********6561,6/13/2026,,STARSKY FINE FOODS HAM HAMILTON ON,,52.31,
Visa,4512********6561,10/23/2026,,Amazon.ca 866-216-1072 ON,,-6.62,
Visa,4512********6561,1/3/2026,,T&T SUPERMARKET #015 MISSISSAUGA ON,,7.05,
Visa,4512********6561,6/29/2026,,BLACKS PHOTO MONTREAL QC,,17.97,
Visa,4512********6561,2/19/2026,,AMZN Mktp CA*1D5VG7O33 866-216-1072 ON,,-77.91,
Visa,4512********6561,6/3/2026,,Amazon.ca*BH8GB1KL1 866-216-1072 ON,,127.38,
Visa,4512********6561,2/16/2026,,Amazon.ca*IU3YF1WX3 866-216-1072 ON,,123.20,
Visa,4512********6561,6/6/2026,,AMZN Mktp CA*U94P36FZ3 866-216-1072 ON,,54.14,
Visa,4512********6561,9/10/2026,,BUYTIX.CA 416-721-4260 ON,,-232.60,
Visa,4512********6561,5/24/2026,,SP YOTO PARTNERS CA YOTO-CANADA.MCA,,-138.77,
Visa,4512********6561,10/14/2026,,AMZN Mktp CA*3D2QX4CS3 866-216-1072 ON,,-143.03,
Visa,4512********6561,11/22/2026,,BLACKS PHOTO MONTREAL QC,,-208.22,
Visa,4512********6561,11/12/2026,,PETRO-CANADA 00122 BURLINGTON ON,,49.64,
Visa,4512********6561,8/11/2026,,AMZN Mktp CA*OV1BK0XS3 866-216-1072 ON,,83.77,
Visa,4512********6561,9/1/2026,,PUBLIC MOBILE SELF-SER EDMONTON AB,,-193.80,
Visa,4512********6561,1/15/2026,,AMZN Mktp CA*1D5VG7O33 866-216-1072 ON,,-294.17,
Visa,4512********6561,5/30/2026,,AMZN Mktp CA*EX66W6X63 866-216-1072 ON,,278.37,
Visa,4512********6561,9/26/2026,,Amazon.ca*MH6T151N3 866-216-1072 ON,,50.36,
Visa,4512********6561,7/9/2026,,AMZN Mktp CA*JA9K42I03 866-216-1072 ON,,267.64,
Visa,4512********6561,9/9/2026,,Amazon.ca*DG4UZ73R3 866-216-1072 ON,,96.65,
Visa,4512********6561,2/18/2026,,AMZN Mktp CA*930O548W3 866-216-1072 ON,,166.74,
Visa,4512********6561,9/26/2026,,WAL-MART SUPERCENTER#3200OAKVILLE ON,,-32.96,
Visa,4512********6561,9/29/2026,,TIM HORTONS #4326 BURLINGTON ON,,-33.48,
Visa,4512********6561,3/22/2026,,Amazon.ca*HH5VL4P93 866-216-1072 ON,,294.57,
Visa,4512********6561,9/2/2026,,Amazon.ca*HH5VL4P93 866-216-1072 ON,,54.46,
Visa,4512********6561,6/22/2026,,OOMA CANADA INC 650-269-3061 BC,,-164.33,
Visa,4512********6561,1/25/2026,,CARYL BAKER VISAGE BURLINGTON ON,,-243.25,
Visa,4512********6561,1/20/2026,,PUBLIC MOBILE SELF-SER EDMONTON AB,,67.63,
Visa,4512********6561,10/25/2026,,AMZN Mktp CA*9U6NY9683 866-216-1072 ON,,159.91,
Visa,4512********6561,11/10/2026,,CARYL BAKER VISAGE BURLINGTON ON,,215.83,
Visa,4512********6561,9/10/2026,,Amazon.ca*BH8GB1KL1 866-216-1072 ON,,-159.45,
Visa,4512********6561,10/8/2026,,SQ *TASHA TI CAKES NORTH YORK ON,,70.54,
Visa,4512********6561,11/7/2026,,AMZN Mktp CA*SO1JF0AS3 866-216-1072 ON,,78.18,
Visa,4512********6561,12/18/2026,,Amazon.ca*DG4UZ73R3 866-216-1072 ON,,189.46,
Visa,4512********6561,4/27/2026,,AUTOMATIC PAYMENT -THANK YOU,,-256.75,
Visa,4512********6561,5/11/2026,,RFBT-MAPLEVIEW CENTRE BURLINGTON ON,,154.57,
Visa,4512********6561,5/12/2026,,Amazon.ca 866-216-1072 ON,,-133.81,
Visa,4512********6561,3/21/2026,,CARYL BAKER VISAGE BURLINGTON ON,,13.52,
Visa,4512********6561,12/18/2026,,AMZN Mktp CA*776RE9J73 866-216-1072 ON,,164.79,
Visa,4512********6561,3/5/2026,,BLACKS PHOTO MONTREAL QC,,-260.49,
Visa,4512********6561,6/3/2026,,T&T SUPERMARKET #015 MISSISSAUGA ON,,188.89,
Visa,4512********6561,10/22/2026,,ROGERS ******8709 888-764-3771 ON,,-127.22,
Visa,4512********6561,5/7/2026,,PrimeVideo.c*CQ6T29603 www.amazon.caBC,,-191.56,
Visa,4512********6561,6/28/2026,,TIM HORTONS #4326 BURLINGTON ON,,-65.22,
Visa,4512********6561,7/31/2026,,T&T SUPERMARKET #015 MISSISSAUGA ON,,62.78,
Visa,4512********6561,2/21/2026,,AMZN Mktp CA*CA1399MV3 866-216-1072 ON,,293.65,
Visa,4512********6561,11/11/2026,,AMZN Mktp CA*BH82T1IQ2 866-216-1072 ON,,90.11,
Visa,4512********6561,1/9/2026,,PrimeVideo.c*CQ6T29603 www.amazon.caBC,,27.83,
Visa,4512********6561,1/10/2026,,Amazon.ca 866-216-1072 ON,,262.00,
Visa,4512********6561,7/6/2026,,BLACKS PHOTO MONTREAL QC,,77.44,
Visa,4512********6561,8/16/2026,,OXIO.CA MONTREAL QC,,259.34,
Visa,4512********6561,10/14/2026,,AMZN Mktp CA*EG3B93YG3 866-216-1072 ON,,-36.74,
Visa,4512********6561,8/31/2026,,AMZN Mktp CA*AS9HI6M33 866-216-1072 ON,,220.12,
Visa,4512********6561,1/23/2026,,TIM HORTONS #4326 BURLINGTON ON,,280.35,
Visa,4512********6561,5/30/2026,,RFBT-MAPLEVIEW CENTRE BURLINGTON ON,,-298.88,
Visa,4512********6561,11/5/2026,,Amazon.ca 866-216-1072 ON,,-53.71,
Visa,4512********6561,10/23/2026,,Amazon.ca*EX2EQ4O33 866-216-1072 ON,,-8.23,
Visa,4512********6561,2/8/2026,,AMZN Mktp CA*BH82T1IQ2 866-216-1072 ON,,-201.22,
Visa,4512********6561,1/13/2026,,AMZN Mktp CA*4K5541SN3 866-216-1072 ON,,276.72,
Visa,4512********6561,5/14/2026,,Amazon.ca*DG4UZ73R3 866-216-1072 ON,,-139.55,
Visa,4512********6561,7/31/2026,,PP*9407CODE 4029357733 ON,,-55.84,
Visa,4512********6561,5/23/2026,,BLACKS PHOTO MONTREAL QC,,77.25,
Visa,4512********6561,3/9/2026,,SP YOTO PARTNERS CA YOTO-CANADA.MCA,,189.96,
Visa,4512********6561,7/5/2026,,Amazon.ca 866-216-1072 ON,,221.69,
Visa,4512********6561,10/12/2026,,Amazon.ca*DG4UZ73R3 866-216-1072 ON,,145.35,
Visa,4512********6561,3/27/2026,,METRO 84 BURLINGTON ON,,-191.33,
Visa,4512********6561,9/29/2026,,Amazon.ca*EX2EQ4O33 866-216-1072 ON,,272.77,
Visa,4512********6561,12/25/2026,,AMZN Mktp CA*WC9B65NC3 866-216-1072 ON,,73.45,
Visa,4512********6561,9/12/2026,,BURGER FACTORY 023 - B Burlington ON,,171.02,
Visa,4512********6561,8/9/2026,,T&T SUPERMARKET #015 MISSISSAUGA ON,,56.80,
Visa,4512********6561,5/18/2026,,PETSMART INC. 2028 BURLINGTON ON,,211.95,
Visa,4512********6561,8/4/2026,,AMZN Mktp CA*WC9B65NC3 866-216-1072 ON,,-8.57,
Visa,4512********6561,4/27/2026,,JACADI SA PARIS,,171.06,
Visa,4512********6561,8/1/2026,,AMZN Mktp CA*ER1DS6QD3 866-216-1072 ON,,155.30,
Visa,4512********6561,12/14/2026,,BURGER FACTORY 023 - B Burlington ON,,119.72,
Visa,4512********6561,8/23/2026,,AMZN Mktp CA*WC9B65NC3 866-216-1072 ON,,-201.24,
Visa,4512********6561,11/16/2026,,Amazon.ca*IU3YF1WX3 866-216-1072 ON,,-226.46,
Visa,4512********6561,7/14/2026,,SQ *TASHA TI CAKES NORTH YORK ON,,-113.74,
Visa,4512********6561,8/25/2026,,AMZN Mktp CA*AS9HI6M33 866-216-1072 ON,,-244.21,
Visa,4512********6561,1/31/2026,,SQ *TASHA TI CAKES NORTH YORK ON,,-254.71,
Visa,4512********6561,9/24/2026,,BLACKS PHOTO MONTREAL QC,,-67.94,
Visa,4512********6561,1/10/2026,,AMZN Mktp CA*776RE9J73 866-216-1072 ON,,47.20,
Visa,4512********6561,1/12/2026,,PUBLIC MOBILE SELF-SER EDMONTON AB,,268.76,
Visa,4512********6561,6/28/2026,,CONSERVATION HALTON 905-336-1158 ON,,291.20,
Visa,4512********6561,7/9/2026,,Amazon.ca*9J2NO4UV3 866-216-1072 ON,,64.98,
Visa,4512********6561,2/21/2026,,AMZN Mktp CA*SO1JF0AS3 866-216-1072 ON,,203.21,
Visa,4512********6561,5/15/2026,,AMZN Mktp CA*D38CS58M3 866-216-1072 ON,,278.19,
Visa,4512********6561,2/5/2026,,Amazon.ca*EX2EQ4O33 866-216-1072 ON,,-95.87,
Visa,4512********6561,6/11/2026,,AMZN Mktp CA*QT2J50C23 866-216-1072 ON,,177.53,
Visa,4512********6561,7/7/2026,,GAP.COM 800-427-7895 ON,,-283.28,
Visa,4512********6561,1/20/2026,,TIM HORTONS #4326 BURLINGTON ON,,-114.74,
Visa,4512********6561,3/31/2026,,TIM HORTONS #4326 BURLINGTON ON,,99.75,
Visa,4512********6561,11/13/2026,,CARYL BAKER VISAGE BURLINGTON ON,,187.78,
Visa,4512********6561,4/11/2026,,PP*9407CODE 4029357733 ON,,37.53,
Visa,4512********6561,7/1/2026,,AMZN Mktp CA*BH82T1IQ2 866-216-1072 ON,,125.98,
Visa,4512********6561,1/14/2026,,AMZN Mktp CA*ER1DS6QD3 866-216-1072 ON,,-15.34,
Visa,4512********6561,1/18/2026,,PUBLIC MOBILE SELF-SER EDMONTON AB,,218.27,
Visa,4512********6561,2/23/2026,,GAP.COM 800-427-7895 ON,,69.35,
Visa,4512********6561,11/10/2026,,AMZN Mktp CA*641JA4SZ3 866-216-1072 ON,,-99.21,
Visa,4512********6561,6/26/2026,,Amazon.ca*9J2NO4UV3 866-216-1072 ON,,39.02,
Visa,4512********6561,4/17/2026,,RFBT-MAPLEVIEW CENTRE BURLINGTON ON,,-12.37,
Visa,4512********6561,8/25/2026,,AMZN Mktp CA*D38CS58M3 866-216-1072 ON,,26.85,
Visa,4512********6561,1/7/2026,,Amazon.ca*KZ0RC8KE3 866-216-1072 ON,,-287.30,
Visa,4512********6561,6/28/2026,,AMZN Mktp CA*9U6NY9683 866-216-1072 ON,,-279.65,
Visa,4512********6561,10/7/2026,,SP YOTO PARTNERS CA YOTO-CANADA.MCA,,35.03,
Visa,4512********6561,8/1/2026,,AMZN Mktp CA*930O548W3 866-216-1072 ON,,170.44,
Visa,4512********6561,3/26/2026,,AMZN Mktp CA*BH82T1IQ2 866-216-1072 ON,,123.17,
Visa,4512********6561,10/20/2026,,PUBLIC MOBILE SELF-SER EDMONTON AB,,-77.84,
Visa,4512********6561,2/14/2026,,AMZN Mktp CA*CA1399MV3 866-216-1072 ON,,-244.15,
Visa,4512********6561,1/26/2026,,ROCK THIS WAY 905-331-9800 ON,,189.26,
Visa,4512********6561,2/2/2026,,AMZN Mktp CA*EX66W6X63 866-216-1072 ON,,-121.10,
Visa,4512********6561,12/5/2026,,RFBT-MAPLEVIEW CENTRE BURLINGTON ON,,200.55,
Visa,4512********6561,10/18/2026,,Amazon.ca*9J2NO4UV3 866-216-1072 ON,,-35.43,
Visa,4512********6561,9/13/2026,,Amazon.ca*HH5VL4P93 866-216-1072 ON,,-45.59,
Visa,4512********6561,12/13/2026,,AMZN Mktp CA*BZ8PQ3CM3 866-216-1072 ON,,285.02,
Visa,4512********6561,6/20/2026,,AMZN Mktp CA*EX66W6X63 866-216-1072 ON,,128.02,
Visa,4512********6561,10/8/2026,,CONSERVATION HALTON 905-336-1158 ON,,180.22,
Visa,4512********6561,11/5/2026,,SQ *TASHA TI CAKES NORTH YORK ON,,-97.54,
Visa,4512********6561,4/10/2026,,PUBLIC MOBILE SELF-SER EDMONTON AB,,-24.81,
Visa,4512********6561,10/29/2026,,AUTOMATIC PAYMENT -THANK YOU,,226.51,
Visa,4512********6561,6/10/2026,,PrimeVideo.c*CQ6T29603 www.amazon.caBC,,44.36,
Visa,4512********6561,1/16/2026,,JACADI SA PARIS,,176.35,
Visa,4512********6561,2/20/2026,,AMZN Mktp CA*SO1JF0AS3 866-216-1072 ON,,262.04,
Visa,4512********6561,9/19/2026,,Amazon.ca*MH6T151N3 866-216-1072 ON,,79.61,
Visa,4512********6561,2/9/2026,,AMZN Mktp CA*776RE9J73 866-216-1072 ON,,46.86,
Visa,4512********6561,5/18/2026,,SQ *TASHA TI CAKES NORTH YORK ON,,40.29,
Visa,4512********6561,9/6/2026,,OXIO.CA MONTREAL QC,,-260.52,
Visa,4512********6561,4/24/2026,,CARYL BAKER VISAGE BURLINGTON ON,,253.35,
Visa,4512********6561,2/6/2026,,Amazon.ca*BH8GB1KL1 866-216-1072 ON,,-235.99,
Visa,4512********6561,12/5/2026,,BLACKS PHOTO MONTREAL QC,,-16.18,
Visa,4512********6561,8/11/2026,,PUBLIC MOBILE SELF-SER EDMONTON AB,,124.43,
Visa,4512********6561,5/23/2026,,WAL-MART ONLINE PHOTO MISSISSAUGA ON,,134.52,
Visa,4512********6561,4/8/2026,,AMZN Mktp CA*QT2J50C23 866-216-1072 ON,,-136.96,
Visa,4512********6561,11/28/2026,,AMZN Mktp CA*4K5541SN3 866-216-1072 ON,,192.54,
Visa,4512********6561,3/25/2026,,PP*9407CODE 4029357733 ON,,15.07,
Visa,4512********6561,5/9/2026,,AMZN Mktp CA*BZ8PQ3CM3 866-216-1072 ON,,254.72,
Visa,4512********6561,6/28/2026,,AMZN Mktp CA*EX66W6X63 866-216-1072 ON,,-26.02,
Visa,4512********6561,11/1/2026,,AMZN Mktp CA*P36L97GP3 866-216-1072 ON,,-98.86,
Visa,4512********6561,3/26/2026,,AMZN Mktp CA*P36L97GP3 866-216-1072 ON,,104.14,
Visa,4512********6561,1/18/2026,,T&T SUPERMARKET #015 MISSISSAUGA ON,,-243.80,
Visa,4512********6561,5/29/2026,,Amazon.ca*DG4UZ73R3 866-216-1072 ON,,280.85,
Visa,4512********6561,8/27/2026,,Amazon.ca*IU3YF1WX3 866-216-1072 ON,,57.82,
Visa,4512********6561,12/27/2026,,RFBT-MAPLEVIEW CENTRE BURLINGTON ON,,169.46,
Visa,4512********6561,4/18/2026,,Amazon.ca*EX2EQ4O33 866-216-1072 ON,,254.56,
Visa,4512********6561,5/23/2026,,STARSKY FINE FOODS HAM HAMILTON ON,,-111.00,
Visa,4512********6561,3/21/2026,,AMZN Mktp CA*SO1JF0AS3 866-216-1072 ON,,18.19,
Visa,4512********6561,4/4/2026,,AMZN Mktp CA*4K5541SN3 866-216-1072 ON,,-166.78,
Visa,4512********6561,8/21/2026,,AMZN Mktp CA*BH82T1IQ2 866-216-1072 ON,,195.85,
Visa,4512********6561,3/5/2026,,AMZN Mktp CA*ER1DS6QD3 866-216-1072 ON,,198.09,
Visa,4512********6561,4/3/2026,,AMZN Mktp CA*CA1399MV3 866-216-1072 ON,,-116.21,
Visa,4512********6561,4/23/2026,,PUBLIC MOBILE SELF-SER EDMONTON AB,,287.35,
Visa,4512********6561,9/2/2026,,SQ *TASHA TI CAKES NORTH YORK ON,,-36.75,
Visa,4512********6561,6/17/2026,,AMZN Mktp CA*SO1JF0AS3 866-216-1072 ON,,73.70,
Visa,4512********6561,9/21/2026,,Amazon.ca*YF7ZA3AT3 866-216-1072 ON,,-297.71,
Visa,4512********6561,6/29/2026,,Amazon.ca*KZ0RC8KE3 866-216-1072 ON,,-118.35,
Visa,4512********6561,10/26/2026,,T&T SUPERMARKET #015 MISSISSAUGA ON,,-136.48,
Visa,4512********6561,1/16/2026,,Amazon.ca*MH6T151N3 866-216-1072 ON,,-104.63,
Visa,4512********6561,6/15/2026,,WAL-MART SUPERCENTER#3200OAKVILLE ON,,169.31,
Visa,4512********6561,7/30/2026,,Amazon.ca*SH5S72A13 866-216-1072 ON,,-282.41,
Visa,4512********6561,11/4/2026,,BLACKS PHOTO MONTREAL QC,,6.75,
Visa,4512********6561,6/17/2026,,AMZN Mktp CA*U94P36FZ3 866-216-1072 ON,,259.62,
Visa,4512********6561,1/27/2026,,Amazon.ca*HH5VL4P93 866-216-1072 ON,,-274.97,
Visa,4512********6561,9/3/2026,,AMZN Mktp CA*BZ8PQ3CM3 866-216-1072 ON,,-205.21,
Visa,4512********6561,5/14/2026,,FORTINOS (APPLEBY & DU BURLINGTON ON,,-251.52,
Visa,4512********6561,9/11/2026,,AMZN Mktp CA*BZ8PQ3CM3 866-216-1072 ON,,-22.77,
Visa,4512********6561,6/18/2026,,Amazon.ca*DG4UZ73R3 866-216-1072 ON,,280.09,
Visa,4512********6561,5/29/2026,,T&T SUPERMARKET #015 MISSISSAUGA ON,,229.98,
Visa,4512********6561,12/25/2026,,AMZN Mktp CA*OV1BK0XS3 866-216-1072 ON,,-39.23,
Visa,4512********6561,3/25/2026,,T&T SUPERMARKET #015 MISSISSAUGA ON,,-40.25,
Visa,4512********6561,9/5/2026,,AMZN Mktp CA*WC9B65NC3 866-216-1072 ON,,118.81,
Visa,4512********6561,10/30/2026,,BUYTIX.CA 416-721-4260 ON,,19.29,
Visa,4512********6561,5/21/2026,,TIM HORTONS #4326 BURLINGTON ON,,275.37,
Visa,4512********6561,3/9/2026,,AUTOMATIC PAYMENT -THANK YOU,,-247.09,
Visa,4512********6561,6/6/2026,,AMZN Mktp CA*641JA4SZ3 866-216-1072 ON,,-5.21,
Visa,4512********6561,7/28/2026,,AMZN Mktp CA*P36L97GP3 866-216-1072 ON,,174.33,
Visa,4512********6561,9/19/2026,,AMZN Mktp CA*CA1399MV3 866-216-1072 ON,,-169.68,
Visa,4512********6561,5/19/2026,,AMZN Mktp CA*BZ8PQ3CM3 866-216-1072 ON,,195.59,
Visa,4512********6561,11/10/2026,,BURLINGTON NAIL BAR BURLINGTON ON,,28.24,
Visa,4512********6561,7/22/2026,,AMZN Mktp CA*776RE9J73 866-216-1072 ON,,63.87,
Visa,4512********6561,11/28/2026,,AMZN Mktp CA*3D2QX4CS3 866-216-1072 ON,,-10.10,
Visa,4512********6561,5/24/2026,,BURLINGTON NAIL BAR BURLINGTON ON,,67.44,
Visa,4512********6561,6/9/2026,,T&T SUPERMARKET #015 MISSISSAUGA ON,,-171.87,
Visa,4512********6561,3/10/2026,,PP*9407CODE 4029357733 ON,,-1.45,
Visa,4512********6561,2/2/2026,,AMZN Mktp CA*QT2J50C23 866-216-1072 ON,,-212.77,
Visa,4512********6561,5/16/2026,,BLACKS PHOTO MONTREAL QC,,154.14,
Visa,4512********6561,5/7/2026,,AMZN Mktp CA*U94P36FZ3 866-216-1072 ON,,-165.04,
Visa,4512********6561,3/4/2026,,PUBLIC MOBILE SELF-SER EDMONTON AB,,-149.53,
Visa,4512********6561,10/18/2026,,PrimeVideo.c*CQ6T29603 www.amazon.caBC,,-119.12,
Visa,4512********6561,2/7/2026,,ROGERS ******8709 888-764-3771 ON,,76.37,
Visa,4512********6561,11/9/2026,,MIXBOOK.COM MIXBOOK.COM CA,,213.66,
Visa,4512********6561,9/24/2026,,AMZN Mktp CA*D38CS58M3 866-216-1072 ON,,26.85,
Visa,4512********6561,2/11/2026,,AMZN Mktp CA*930O548W3 866-216-1072 ON,,-150.76,
Visa,4512********6561,1/26/2026,,PETSMART INC. 2028 BURLINGTON ON,,195.15,
Visa,4512********6561,12/24/2026,,Amazon.ca*BH8GB1KL1 866-216-1072 ON,,-188.21,
Visa,4512********6561,6/23/2026,,AMZN Mktp CA*P36L97GP3 866-216-1072 ON,,22.70,
Visa,4512********6561,4/16/2026,,AMZN Mktp CA*CA1399MV3 866-216-1072 ON,,230.60,
Visa,4512********6561,7/29/2026,,TIM HORTONS #4326 BURLINGTON ON,,102.31,
Visa,4512********6561,12/22/2026,,GAP.COM 800-427-7895 ON,,231.28,
Visa,4512********6561,3/23/2026,,AMZN Mktp CA*WC9B65NC3 866-216-1072 ON,,28.79,
Visa,4512********6561,5/14/2026,,BLACKS PHOTO MONTREAL QC,,-165.80,
Visa,4512********6561,8/10/2026,,AMZN Mktp CA*930O548W3 866-216-1072 ON,,-78.17,
Visa,4512********6561,2/27/2026,,PP*9407CODE 4029357733 ON,,184.38,
Visa,4512********6561,5/29/2026,,SP YOTO PARTNERS CA YOTO-CANADA.MCA,,73.00,
Visa,4512********6561,6/11/2026,,AMZN Mktp CA*WC9B65NC3 866-216-1072 ON,,-88.97,
Visa,4512********6561,6/19/2026,,Amazon.ca*YF7ZA3AT3 866-216-1072 ON,,-215.72,
Visa,4512********6561,7/7/2026,,Amazon.ca*YF7ZA3AT3 866-216-1072 ON,,207.19,
Visa,4512********6561,6/6/2026,,WAT AH JERK CARRIBEAN GRITORONTO ON,,141.52,
Visa,4512********6561,8/29/2026,,Amazon.ca*DG4UZ73R3 866-216-1072 ON,,287.20,
Visa,4512********6561,9/23/2026,,Amazon.ca*DG4UZ73R3 866-216-1072 ON,,276.57,
Visa,4512********6561,3/27/2026,,T&T SUPERMARKET #015 MISSISSAUGA ON,,-13.83,
Visa,4512********6561,9/3/2026,,PUBLIC MOBILE SELF-SER EDMONTON AB,,-197.63,
Visa,4512********6561,12/28/2026,,AMZN Mktp CA*CA1399MV3 866-216-1072 ON,,-142.30,
Visa,4512********6561,9/5/2026,,WAL-MART ONLINE PHOTO MISSISSAUGA ON,,-214.20,
Visa,4512********6561,12/2/2026,,ECS COFFEE INC BURLINGTONBURLINGTON ON,,-20.73,
Visa,4512********6561,9/23/2026,,PETSMART INC. 2028 BURLINGTON ON,,-298.09,
Visa,4512********6561,1/23/2026,,BLACKS PHOTO MONTREAL QC,,-280.44,
Visa,4512********6561,3/30/2026,,OXIO.CA MONTREAL QC,,-241.21,
Visa,4512********6561,4/22/2026,,SP YOTO PARTNERS CA YOTO-CANADA.MCA,,117.49,
Visa,4512********6561,11/9/2026,,AMZN Mktp CA*EX66W6X63 866-216-1072 ON,,-191.95,
Visa,4512********6561,12/2/2026,,AMZN Mktp CA*1D5VG7O33 866-216-1072 ON,,213.98,
Visa,4512********6561,2/8/2026,,AMZN Mktp CA*AS9HI6M33 866-216-1072 ON,,-34.43,
Visa,4512********6561,12/2/2026,,AMZN Mktp CA*AS9HI6M33 866-216-1072 ON,,248.20,
Visa,4512********6561,4/11/2026,,AMZN Mktp CA*930O548W3 866-216-1072 ON,,-107.06,
Visa,4512********6561,3/29/2026,,SQ *TASHA TI CAKES NORTH YORK ON,,-228.71,
Visa,4512********6561,3/23/2026,,OOMA CANADA INC 650-269-3061 BC,,-120.57,
Visa,4512********6561,4/8/2026,,PP*9407CODE 4029357733 ON,,-257.75,
Visa,4512********6561,8/3/2026,,Amazon.ca 866-216-1072 ON,,294.71,
Visa,4512********6561,1/13/2026,,AMZN Mktp CA*OV1BK0XS3 866-216-1072 ON,,251.39,
Visa,4512********6561,9/1/2026,,Amazon.ca*BH8GB1KL1 866-216-1072 ON,,296.27,
Visa,4512********6561,12/7/2026,,PP*9407CODE 4029357733 ON,,63.00,
Visa,4512********6561,8/28/2026,,OXIO.CA MONTREAL QC,,115.57,
Visa,4512********6561,9/6/2026,,AMZN Mktp CA*4K5541SN3 866-216-1072 ON,,-83.22,
Visa,4512********6561,2/17/2026,,Amazon.ca*9J2NO4UV3 866-216-1072 ON,,144.79,
Visa,4512********6561,1/30/2026,,FORTINOS (APPLEBY & DU BURLINGTON ON,,-232.98,
Visa,4512********6561,5/15/2026,,TIM HORTONS #4326 BURLINGTON ON,,148.57,
Visa,4512********6561,6/19/2026,,AMZN Mktp CA*AS9HI6M33 866-216-1072 ON,,237.56,
Visa,4512********6561,11/20/2026,,AMZN Mktp CA*AS9HI6M33 866-216-1072 ON,,140.44,
Visa,4512********6561,3/27/2026,,TIM HORTONS #4326 BURLINGTON ON,,273.50,
Visa,4512********6561,11/15/2026,,AMZN Mktp CA*776RE9J73 866-216-1072 ON,,290.54,
Visa,4512********6561,1/2/2026,,OOMA CANADA INC 650-269-3061 BC,,-118.61,
Visa,4512********6561,2/2/2026,,WAL-MART SUPERCENTER#3200OAKVILLE ON,,-240.46,
Visa,4512********6561,9/25/2026,,SQ *TASHA TI CAKES NORTH YORK ON,,-24.84,
Visa,4512********6561,9/15/2026,,JACADI SA PARIS,,95.48,
Visa,4512********6561,5/19/2026,,PUBLIC MOBILE SELF-SER EDMONTON AB,,-12.22,
Visa,4512********6561,6/5/2026,,PUBLIC MOBILE SELF-SER EDMONTON AB,,126.98,
Visa,4512********6561,10/1/2026,,AMZN Mktp CA*QT2J50C23 866-216-1072 ON,,-253.31,
Visa,4512********6561,5/17/2026,,AMZN Mktp CA*776RE9J73 866-216-1072 ON,,-240.77,
Visa,4512********6561,12/8/2026,,Amazon.ca*IU3YF1WX3 866-216-1072 ON,,219.74,
Visa,4512********6561,2/21/2026,,AMZN Mktp CA*4K5541SN3 866-216-1072 ON,,-224.84,
Visa,4512********6561,12/3/2026,,Amazon.ca*YF7ZA3AT3 866-216-1072 ON,,-276.84,
Visa,4512********6561,11/28/2026,,PETSMART INC. 2028 BURLINGTON ON,,253.09,
Visa,4512********6561,9/22/2026,,AMZN Mktp CA*OV1BK0XS3 866-216-1072 ON,,-276.50,
Visa,4512********6561,2/13/2026,,Amazon.ca*DG4UZ73R3 866-216-1072 ON,,-74.61,
Visa,4512********6561,10/8/2026,,AMZN Mktp CA*QT2J50C23 866-216-1072 ON,,114.19,
Visa,4512********6561,9/25/2026,,Amazon.ca*EX2EQ4O33 866-216-1072 ON,,227.20,
Visa,4512********6561,6/28/2026,,AMZN Mktp CA*CA1399MV3 866-216-1072 ON,,-37.71,
Visa,4512********6561,1/25/2026,,AMZN Mktp CA*OV1BK0XS3 866-216-1072 ON,,81.81,
Visa,4512********6561,12/26/2026,,ECS COFFEE INC BURLINGTONBURLINGTON ON,,226.30,
Visa,4512********6561,7/21/2026,,TIM HORTONS #4326 BURLINGTON ON,,-123.88,
Visa,4512********6561,8/28/2026,,AMZN Mktp CA*JA9K42I03 866-216-1072 ON,,4.83,
Visa,4512********6561,3/4/2026,,AMZN Mktp CA*BH82T1IQ2 866-216-1072 ON,,-14.39,
Visa,4512********6561,12/20/2026,,METRO 84 BURLINGTON ON,,1.29,
Visa,4512********6561,4/3/2026,,Amazon.ca*9J2NO4UV3 866-216-1072 ON,,-184.67,
Visa,4512********6561,11/5/2026,,Amazon.ca*MH6T151N3 866-216-1072 ON,,-261.83,
Visa,4512********6561,8/16/2026,,BURLINGTON NAIL BAR BURLINGTON ON,,102.40,
Visa,4512********6561,1/24/2026,,WAT AH JERK CARRIBEAN GRITORONTO ON,,67.01,
Visa,4512********6561,8/22/2026,,STARSKY FINE FOODS HAM HAMILTON ON,,-189.77,
Visa,4512********6561,12/3/2026,,AMZN Mktp CA*776RE9J73 866-216-1072 ON,,-276.18,
Visa,4512********6561,6/7/2026,,Amazon.ca*KZ0RC8KE3 866-216-1072 ON,,-73.13,
Visa,4512********6561,10/27/2026,,WAL-MART ONLINE PHOTO MISSISSAUGA ON,,237.22,
Visa,4512********6561,8/4/2026,,TIM HORTONS #4326 BURLINGTON ON,,-47.46,
Visa,4512********6561,1/16/2026,,AMZN Mktp CA*D38CS58M3 866-216-1072 ON,,-209.34,
Visa,4512********6561,11/4/2026,,BUYTIX.CA 416-721-4260 ON,,-128.76,
Visa,4512********6561,8/1/2026,,AMZN Mktp CA*776RE9J73 866-216-1072 ON,,280.02,
Visa,4512********6561,11/4/2026,,Amazon.ca 866-216-1072 ON,,-215.06,
Visa,4512********6561,2/25/2026,,AMZN Mktp CA*OV1BK0XS3 866-216-1072 ON,,119.45,
Visa,4512********6561,8/25/2026,,FORTINOS (APPLEBY & DU BURLINGTON ON,,265.80,
Visa,4512********6561,2/10/2026,,GAP.COM 800-427-7895 ON,,-254.41,
Visa,4512********6561,2/20/2026,,METRO 84 BURLINGTON ON,,87.07,
Visa,4512********6561,12/20/2026,,CONSERVATION HALTON 905-336-1158 ON,,-182.41,
Visa,4512********6561,10/5/2026,,PUBLIC MOBILE SELF-SER EDMONTON AB,,-119.94,
Visa,4512********6561,1/1/2026,,AMZN Mktp CA*1D5VG7O33 866-216-1072 ON,,-63.11,
Visa,4512********6561,1/14/2026,,PUBLIC MOBILE SELF-SER EDMONTON AB,,-22.46,
Visa,4512********6561,9/27/2026,,ROGERS ******8709 888-764-3771 ON,,284.65,
Visa,4512********6561,5/4/2026,,Amazon.ca*MH6T151N3 866-216-1072 ON,,-248.45,
Visa,4512********6561,2/20/2026,,ECS COFFEE INC BURLINGTONBURLINGTON ON,,-212.39,
Visa,4512********6561,3/19/2026,,Amazon.ca*EX2EQ4O33 866-216-1072 ON,,165.19,
Visa,4512********6561,1/30/2026,,FORTINOS (APPLEBY & DU BURLINGTON ON,,156.46,
Visa,4512********6561,12/26/2026,,Amazon.ca*HH5VL4P93 866-216-1072 ON,,-3.99,
Visa,4512********6561,10/15/2026,,AMZN Mktp CA*QT2J50C23 866-216-1072 ON,,-145.39,
Visa,4512********6561,1/19/2026,,CONSERVATION HALTON 905-336-1158 ON,,-248.66,
Visa,4512********6561,4/13/2026,,AMZN Mktp CA*930O548W3 866-216-1072 ON,,-199.88,
Visa,4512********6561,6/22/2026,,ROGERS ******8709 888-764-3771 ON,,-171.65,
Visa,4512********6561,3/4/2026,,BLACKS PHOTO MONTREAL QC,,-130.21,
Visa,4512********6561,10/1/2026,,ROCK THIS WAY 905-331-9800 ON,,247.57,
Visa,4512********6561,6/5/2026,,AMZN Mktp CA*D38CS58M3 866-216-1072 ON,,-232.89,
Visa,4512********6561,4/4/2026,,ECS COFFEE INC BURLINGTONBURLINGTON ON,,171.52,
Visa,4512********6561,7/18/2026,,PETRO-CANADA 00122 BURLINGTON ON,,-111.14,
Visa,4512********6561,4/17/2026,,AMZN Mktp CA*4K5541SN3 866-216-1072 ON,,-135.34,
Visa,4512********6561,7/11/2026,,BURGER FACTORY 023 - B Burlington ON,,-68.52,
Visa,4512********6561,4/15/2026,,BLACKS PHOTO MONTREAL QC,,-173.42,
Visa,4512********6561,7/9/2026,,FORTINOS (APPLEBY & DU BURLINGTON ON,,-162.43,
Visa,4512********6561,4/2/2026,,AMZN Mktp CA*1D5VG7O33 866-216-1072 ON,,-159.87,
Visa,4512********6561,1/5/2026,,AMZN Mktp CA*QT2J50C23 866-216-1072 ON,,-159.85,
Visa,4512********6561,12/10/2026,,BLACKS PHOTO MONTREAL QC,,-291.69,
Visa,4512********6561,9/14/2026,,T&T SUPERMARKET #015 MISSISSAUGA ON,,-195.05,
Visa,4512********6561,9/18/2026,,CONSERVATION HALTON 905-336-1158 ON,,185.68,
Visa,4512********6561,9/4/2026,,Amazon.ca*IU3YF1WX3 866-216-1072 ON,,44.24,
Visa,4512********6561,4/20/2026,,AMZN Mktp CA*P36L97GP3 866-216-1072 ON,,-127.08,
Visa,4512********6561,3/5/2026,,AMZN Mktp CA*9U6NY9683 866-216-1072 ON,,-160.20,
Visa,4512********6561,3/23/2026,,WAL-MART ONLINE PHOTO MISSISSAUGA ON,,218.33,
Visa,4512********6561,10/13/2026,,WAL-MART SUPERCENTER#3200OAKVILLE ON,,195.57,
Visa,4512********6561,12/5/2026,,SQ *TASHA TI CAKES NORTH YORK ON,,-229.93,
Visa,4512********6561,2/19/2026,,PETSMART INC. 2028 BURLINGTON ON,,250.80,
Visa,4512********6561,3/3/2026,,Amazon.ca*MH6T151N3 866-216-1072 ON,,-225.97,
Visa,4512********6561,7/7/2026,,AMZN Mktp CA*D38CS58M3 866-216-1072 ON,,-12.52,
Visa,4512********6561,7/14/2026,,SP YOTO PARTNERS CA YOTO-CANADA.MCA,,-175.59,
Visa,4512********6561,5/13/2026,,AMZN Mktp CA*4K5541SN3 866-216-1072 ON,,-37.05,
Visa,4512********6561,12/16/2026,,PETSMART INC. 2028 BURLINGTON ON,,170.00,
Visa,4512********6561,7/17/2026,,Amazon.ca 866-216-1072 ON,,96.29,
Visa,4512********6561,11/19/2026,,WAL-MART SUPERCENTER#3200OAKVILLE ON,,148.53,
Visa,4512********6561,3/8/2026,,Amazon.ca*YF7ZA3AT3 866-216-1072 ON,,-290.05,
Visa,4512********6561,2/1/2026,,BURLINGTON NAIL BAR BURLINGTON ON,,52.04,
Visa,4512********6561,6/20/2026,,STARSKY FINE FOODS HAM HAMILTON ON,,201.45,
Visa,4512********6561,12/23/2026,,AMZN Mktp CA*930O548W3 866-216-1072 ON,,-261.20,
Visa,4512********6561,9/28/2026,,PETRO-CANADA 00122 BURLINGTON ON,,-240.37,
Visa,4512********6561,4/12/2026,,AMZN Mktp CA*930O548W3 866-216-1072 ON,,114.68,
Visa,4512********6561,11/7/2026,,BURLINGTON NAIL BAR BURLINGTON ON,,-266.78,
Visa,4512********6561,1/24/2026,,SP YOTO PARTNERS CA YOTO-CANADA.MCA,,115.98,
Visa,4512********6561,10/23/2026,,AMZN Mktp CA*QT2J50C23 866-216-1072 ON,,71.97,
Visa,4512********6561,12/31/2026,,Amazon.ca*YF7ZA3AT3 866-216-1072 ON,,-52.51,
Visa,4512********6561,6/29/2026,,Amazon.ca 866-216-1072 ON,,-23.29,
Visa,4512********6561,1/10/2026,,TIM HORTONS #4326 BURLINGTON ON,,197.22,
Visa,4512********6561,1/22/2026,,TIM HORTONS #4326 BURLINGTON ON,,-115.64,
Visa,4512********6561,9/10/2026,,AMZN Mktp CA*WC9B65NC3 866-216-1072 ON,,-244.46,
Visa,4512********6561,5/4/2026,,AMZN Mktp CA*641JA4SZ3 866-216-1072 ON,,106.08,
Visa,4512********6561,5/30/2026,,Amazon.ca*YF7ZA3AT3 866-216-1072 ON,,-12.32,
Visa,4512********6561,8/17/2026,,PUBLIC MOBILE SELF-SER EDMONTON AB,,45.93,
Visa,4512********6561,6/1/2026,,AUTOMATIC PAYMENT -THANK YOU,,-142.76,
Visa,4512********6561,4/23/2026,,AMZN Mktp CA*AS9HI6M33 866-216-1072 ON,,-257.83,
Visa,4512********6561,7/10/2026,,Amazon.ca*BH8GB1KL1 866-216-1072 ON,,60.44,
Visa,4512********6561,3/19/2026,,T&T SUPERMARKET #015 MISSISSAUGA ON,,175.47,
Visa,4512********6561,10/28/2026,,WAL-MART ONLINE PHOTO MISSISSAUGA ON,,-248.82,
Visa,4512********6561,8/11/2026,,RFBT-MAPLEVIEW CENTRE BURLINGTON ON,,126.74,
Visa,4512********6561,11/11/2026,,OXIO.CA MONTREAL QC,,-246.89,
Visa,4512********6561,6/17/2026,,AUTOMATIC PAYMENT -THANK YOU,,-241.18,
Visa,4512********6561,5/24/2026,,AMZN Mktp CA*U94P36FZ3 866-216-1072 ON,,-236.88,
Visa,4512********6561,10/10/2026,,Amazon.ca 866-216-1072 ON,,-39.16,
Visa,4512********6561,9/6/2026,,Amazon.ca*MH6T151N3 866-216-1072 ON,,156.50,
Visa,4512********6561,7/17/2026,,ROCK THIS WAY 905-331-9800 ON,,230.13,
Visa,4512********6561,12/7/2026,,BLACKS PHOTO MONTREAL QC,,-255.28,
Visa,4512********6561,5/8/2026,,Amazon.ca*MH6T151N3 866-216-1072 ON,,-258.94,
Visa,4512********6561,7/24/2026,,SP YOTO PARTNERS CA YOTO-CANADA.MCA,,-23.50,
Visa,4512********6561,9/30/2026,,MIXBOOK.COM MIXBOOK.COM CA,,-277.54,
Visa,4512********6561,5/2/2026,,AMZN Mktp CA*WC9B65NC3 866-216-1072 ON,,90.99,
Visa,4512********6561,3/29/2026,,Amazon.ca*YF7ZA3AT3 866-216-1072 ON,,24.24,
Visa,4512********6561,12/20/2026,,PP*9407CODE 4029357733 ON,,190.75,
Visa,4512********6561,10/24/2026,,TIM HORTONS #4326 BURLINGTON ON,,170.39,
Visa,4512********6561,5/29/2026,,Amazon.ca*KZ0RC8KE3 866-216-1072 ON,,55.91,
Visa,4512********6561,8/19/2026,,ROCK THIS WAY 905-331-9800 ON,,162.32,
Visa,4512********6561,5/20/2026,,SQ *TASHA TI CAKES NORTH YORK ON,,-23.04,
Visa,4512********6561,2/20/2026,,MIXBOOK.COM MIXBOOK.COM CA,,44.46,
Visa,4512********6561,2/21/2026,,T&T SUPERMARKET #015 MISSISSAUGA ON,,198.75,
Visa,4512********6561,8/20/2026,,AMZN Mktp CA*OV1BK0XS3 866-216-1072 ON,,223.51,
Visa,4512********6561,8/15/2026,,BURLINGTON NAIL BAR BURLINGTON ON,,60.11,
Visa,4512********6561,12/4/2026,,ROCK THIS WAY 905-331-9800 ON,,-203.31,
Visa,4512********6561,2/11/2026,,Amazon.ca*KZ0RC8KE3 866-216-1072 ON,,43.65,
Visa,4512********6561,9/23/2026,,BLACKS PHOTO MONTREAL QC,,181.66,
Visa,4512********6561,1/27/2026,,BLACKS PHOTO MONTREAL QC,,55.66,
Visa,4512********6561,9/10/2026,,AMZN Mktp CA*BH82T1IQ2 866-216-1072 ON,,8.81,
Visa,4512********6561,8/19/2026,,SQ *TASHA TI CAKES NORTH YORK ON,,146.56,
Visa,4512********6561,8/6/2026,,Amazon.ca*YF7ZA3AT3 866-216-1072 ON,,-129.97,
Visa,4512********6561,12/2/2026,,AMZN Mktp CA*BH82T1IQ2 866-216-1072 ON,,-170.17,
Visa,4512********6561,3/21/2026,,JACADI SA PARIS,,-271.06,
Visa,4512********6561,10/7/2026,,ROGERS ******8709 888-764-3771 ON,,-295.15,
Visa,4512********6561,2/10/2026,,Amazon.ca*HH5VL4P93 866-216-1072 ON,,-286.27,
Visa,4512********6561,10/3/2026,,AMZN Mktp CA*3D2QX4CS3 866-216-1072 ON,,-219.24,
Visa,4512********6561,5/5/2026,,Amazon.ca*EX2EQ4O33 866-216-1072 ON,,-128.75,
Visa,4512********6561,3/25/2026,,WAL-MART ONLINE PHOTO MISSISSAUGA ON,,-266.28,
Visa,4512********6561,1/19/2026,,Amazon.ca*YF7ZA3AT3 866-216-1072 ON,,108.22,
Visa,4512********6561,10/7/2026,,ROGERS ******8709 888-764-3771 ON,,-70.21,
Visa,4512********6561,4/3/2026,,BUYTIX.CA 416-721-4260 ON,,-37.65,
Visa,4512********6561,11/14/2026,,FORTINOS (APPLEBY & DU BURLINGTON ON,,-97.92,
Visa,4512********6561,2/14/2026,,METRO 84 BURLINGTON ON,,186.52,
Visa,4512********6561,7/27/2026,,AMZN Mktp CA*1D5VG7O33 866-216-1072 ON,,-37.87,
Visa,4512********6561,6/27/2026,,AMZN Mktp CA*D38CS58M3 866-216-1072 ON,,-93.73,
Visa,4512********6561,7/3/2026,,AMZN Mktp CA*JE7816O73 866-216-1072 ON,,-142.01,
Visa,4512********6561,2/10/2026,,PETSMART INC. 2028 BURLINGTON ON,,-93.76,
Visa,4512********6561,1/8/2026,,WAL-MART SUPERCENTER#3200OAKVILLE ON,,-74.54,
Visa,4512********6561,8/1/2026,,ROCK THIS WAY 905-331-9800 ON,,210.87,
Visa,4512********6561,2/28/2026,,AUTOMATIC PAYMENT -THANK YOU,,-97.63,
Visa,4512********6561,10/21/2026,,Amazon.ca*KZ0RC8KE3 866-216-1072 ON,,262.97,
Visa,4512********6561,5/12/2026,,TIM HORTONS #4326 BURLINGTON ON,,-108.33,
Visa,4512********6561,10/27/2026,,STARSKY FINE FOODS HAM HAMILTON ON,,-154.18,
Visa,4512********6561,2/15/2026,,BLACKS PHOTO MONTREAL QC,,-233.89,
Visa,4512********6561,10/24/2026,,METRO 84 BURLINGTON ON,,-218.36,
Visa,4512********6561,9/30/2026,,Amazon.ca 866-216-1072 ON,,-52.78,
Visa,4512********6561,10/11/2026,,SP YOTO PARTNERS CA YOTO-CANADA.MCA,,-0.77,
Visa,4512********6561,7/29/2026,,AMZN Mktp CA*D38CS58M3 866-216-1072 ON,,-290.43,
Visa,4512********6561,4/20/2026,,Amazon.ca*9J2NO4UV3 866-216-1072 ON,,-114.07,
Visa,4512********6561,12/30/2026,,METRO 84 BURLINGTON ON,,99.10,
Visa,4512********6561,4/11/2026,,AMZN Mktp CA*P36L97GP3 866-216-1072 ON,,176.41,
Visa,4512********6561,10/29/2026,,BLACKS PHOTO MONTREAL QC,,5.04,
Visa,4512********6561,2/4/2026,,STARSKY FINE FOODS HAM HAMILTON ON,,-0.03,
Visa,4512********6561,4/20/2026,,AMZN Mktp CA*641JA4SZ3 866-216-1072 ON,,-114.13,
Visa,4512********6561,2/3/2026,,AMZN Mktp CA*EX66W6X63 866-216-1072 ON,,103.82,
Visa,4512********6561,2/14/2026,,Amazon.ca*BH8GB1KL1 866-216-1072 ON,,118.09,
Visa,4512********6561,11/16/2026,,AMZN Mktp CA*BH82T1IQ2 866-216-1072 ON,,176.78,
Visa,4512********6561,7/5/2026,,AMZN Mktp CA*JE7816O73 866-216-1072 ON,,-228.68,
Visa,4512********6561,9/4/2026,,PUBLIC MOBILE SELF-SER EDMONTON AB,,137.26,
Visa,4512********6561,12/13/2026,,PUBLIC MOBILE SELF-SER EDMONTON AB,,169.85,
Visa,4512********6561,4/14/2026,,METRO 84 BURLINGTON ON,,-275.89,
Visa,4512********6561,7/26/2026,,BUYTIX.CA 416-721-4260 ON,,-52.03,
Visa,4512********6561,4/2/2026,,WAL-MART SUPERCENTER#3200OAKVILLE ON,,-279.69,
Visa,4512********6561,1/31/2026,,AMZN Mktp CA*JA9K42I03 866-216-1072 ON,,284.36,
Visa,4512********6561,2/12/2026,,AMZN Mktp CA*930O548W3 866-216-1072 ON,,-42.55,
Visa,4512********6561,1/25/2026,,CONSERVATION HALTON 905-336-1158 ON,,-79.61,
Visa,4512********6561,11/13/2026,,GAP.COM 800-427-7895 ON,,-148.64,
Visa,4512********6561,3/21/2026,,AMZN Mktp CA*WC9B65NC3 866-216-1072 ON,,-157.82,
Visa,4512********6561,6/25/2026,,Amazon.ca*KZ0RC8KE3 866-216-1072 ON,,90.07,
Visa,4512********6561,8/9/2026,,FORTINOS (APPLEBY & DU BURLINGTON ON,,291.49,
Visa,4512********6561,2/19/2026,,AMZN Mktp CA*930O548W3 866-216-1072 ON,,-256.64,
Visa,4512********6561,8/21/2026,,Amazon.ca*YF7ZA3AT3 866-216-1072 ON,,109.28,
Visa,4512********6561,3/28/2026,,AMZN Mktp CA*P36L97GP3 866-216-1072 ON,,100.67,
Visa,4512********6561,11/23/2026,,JACADI SA PARIS,,-84.23,
Visa,4512********6561,9/20/2026,,Amazon.ca*YF7ZA3AT3 866-216-1072 ON,,-63.23,
Visa,4512********6561,7/18/2026,,WAT AH JERK CARRIBEAN GRITORONTO ON,,189.77,
Visa,4512********6561,4/13/2026,,STARSKY FINE FOODS HAM HAMILTON ON,,248.87,
Visa,4512********6561,10/26/2026,,Amazon.ca*9J2NO4UV3 866-216-1072 ON,,269.41,
Visa,4512********6561,5/22/2026,,T&T SUPERMARKET #015 MISSISSAUGA ON,,63.81,
Visa,4512********6561,8/6/2026,,GAP.COM 800-427-7895 ON,,-142.98,
Visa,4512********6561,3/30/2026,,METRO 84 BURLINGTON ON,,66.26,
Visa,4512********6561,6/4/2026,,AMZN Mktp CA*OV1BK0XS3 866-216-1072 ON,,-98.60,
Visa,4512********6561,5/29/2026,,Amazon.ca*9J2NO4UV3 866-216-1072 ON,,163.43,
Visa,4512********6561,9/24/2026,,JACADI SA PARIS,,228.96,
Visa,4512********6561,8/5/2026,,AMZN Mktp CA*4K5541SN3 866-216-1072 ON,,-149.62,
Visa,4512********6561,6/21/2026,,GAP.COM 800-427-7895 ON,,-184.13,
Visa,4512********6561,4/29/2026,,AMZN Mktp CA*930O548W3 866-216-1072 ON,,-213.03,
Visa,4512********6561,2/19/2026,,BURGER FACTORY 023 - B Burlington ON,,-134.95,
Visa,4512********6561,4/18/2026,,CARYL BAKER VISAGE BURLINGTON ON,,-247.46,
Visa,4512********6561,5/6/2026,,AMZN Mktp CA*JA9K42I03 866-216-1072 ON,,273.81,
Visa,4512********6561,7/7/2026,,FORTINOS (APPLEBY & DU BURLINGTON ON,,106.05,
Visa,4512********6561,12/5/2026,,AMZN Mktp CA*P36L97GP3 866-216-1072 ON,,153.96,
Visa,4512********6561,4/10/2026,,AMZN Mktp CA*776RE9J73 866-216-1072 ON,,183.26,
Visa,4512********6561,10/27/2026,,PETRO-CANADA 00122 BURLINGTON ON,,-248.02,
Visa,4512********6561,8/2/2026,,AMZN Mktp CA*CA1399MV3 866-216-1072 ON,,291.36,
Visa,4512********6561,12/23/2026,,PETRO-CANADA 00122 BURLINGTON ON,,-48.45,
Visa,4512********6561,10/24/2026,,FORTINOS (APPLEBY & DU BURLINGTON ON,,127.28,
Visa,4512********6561,8/2/2026,,PUBLIC MOBILE SELF-SER EDMONTON AB,,-90.12,
Visa,4512********6561,6/24/2026,,AMZN Mktp CA*1D5VG7O33 866-216-1072 ON,,182.49,
Visa,4512********6561,3/23/2026,,FORTINOS (APPLEBY & DU BURLINGTON ON,,207.81,
Visa,4512********6561,2/3/2026,,OXIO.CA MONTREAL QC,,-258.41,
Visa,4512********6561,9/11/2026,,BLACKS PHOTO MONTREAL QC,,270.36,
Visa,4512********6561,6/11/2026,,PUBLIC MOBILE SELF-SER EDMONTON AB,,94.07,
Visa,4512********6561,6/13/2026,,AMZN Mktp CA*U94P36FZ3 866-216-1072 ON,,-90.40,
Visa,4512********6561,5/2/2026,,JACADI SA PARIS,,155.42,
Visa,4512********6561,3/10/2026,,OXIO.CA MONTREAL QC,,-284.38,
Visa,4512********6561,1/27/2026,,WAL-MART ONLINE PHOTO MISSISSAUGA ON,,-24.97,
Visa,4512********6561,12/5/2026,,AMZN Mktp CA*OV1BK0XS3 866-216-1072 ON,,71.84,
Visa,4512********6561,5/15/2026,,STARSKY FINE FOODS HAM HAMILTON ON,,296.19,
Visa,4512********6561,2/5/2026,,AMZN Mktp CA*JA9K42I03 866-216-1072 ON,,-16.13,
Visa,4512********6561,2/2/2026,,WAL-MART ONLINE PHOTO MISSISSAUGA ON,,285.76,
Visa,4512********6561,5/26/2026,,AMZN Mktp CA*P36L97GP3 866-216-1072 ON,,-93.68,
Visa,4512********6561,3/27/2026,,MIXBOOK.COM MIXBOOK.COM CA,,254.93,
Visa,4512********6561,7/20/2026,,AMZN Mktp CA*BH82T1IQ2 866-216-1072 ON,,-98.73,
Visa,4512********6561,5/21/2026,,AMZN Mktp CA*776RE9J73 866-216-1072 ON,,-257.26,
Visa,4512********6561,3/19/2026,,WAT AH JERK CARRIBEAN GRITORONTO ON,,-110.86,
Visa,4512********6561,2/20/2026,,ROGERS ******8709 888-764-3771 ON,,-0.16,
Visa,4512********6561,6/10/2026,,Amazon.ca*KZ0RC8KE3 866-216-1072 ON,,187.20,
Visa,4512********6561,6/1/2026,,JACADI SA PARIS,,-192.50,
Visa,4512********6561,11/16/2026,,PP*9407CODE 4029357733 ON,,231.93,
Visa,4512********6561,8/13/2026,,Amazon.ca 866-216-1072 ON,,-55.50,
Visa,4512********6561,12/2/2026,,SP YOTO PARTNERS CA YOTO-CANADA.MCA,,-154.28,
Visa,4512********6561,8/10/2026,,Amazon.ca 866-216-1072 ON,,28.67,
Visa,4512********6561,12/15/2026,,AMZN Mktp CA*SO1JF0AS3 866-216-1072 ON,,-78.57,
Visa,4512********6561,12/23/2026,,AMZN Mktp CA*776RE9J73 866-216-1072 ON,,-28.70,
Visa,4512********6561,6/18/2026,,CARYL BAKER VISAGE BURLINGTON ON,,294.54,
Visa,4512********6561,12/6/2026,,AMZN Mktp CA*SO1JF0AS3 866-216-1072 ON,,-285.62,
Visa,4512********6561,2/2/2026,,Amazon.ca 866-216-1072 ON,,-20.89,
Visa,4512********6561,5/26/2026,,Amazon.ca*IU3YF1WX3 866-216-1072 ON,,18.92,
Visa,4512********6561,6/20/2026,,Amazon.ca*MH6T151N3 866-216-1072 ON,,-108.65,
Visa,4512********6561,2/21/2026,,WAL-MART ONLINE PHOTO MISSISSAUGA ON,,-149.63,
Visa,4512********6561,7/20/2026,,WAL-MART SUPERCENTER#3200OAKVILLE ON,,197.61,
Visa,4512********6561,7/7/2026,,PETRO-CANADA 00122 BURLINGTON ON,,199.39,
Visa,4512********6561,12/22/2026,,AMZN Mktp CA*U94P36FZ3 866-216-1072 ON,,178.85,
Visa,4512********6561,3/5/2026,,AMZN Mktp CA*ER1DS6QD3 866-216-1072 ON,,202.59,
Visa,4512********6561,5/7/2026,,FORTINOS (APPLEBY & DU BURLINGTON ON,,-242.67,
Visa,4512********6561,4/6/2026,,AMZN Mktp CA*P36L97GP3 866-216-1072 ON,,-78.83,
Visa,4512********6561,4/12/2026,,WAT AH JERK CARRIBEAN GRITORONTO ON,,64.02,
Visa,4512********6561,5/16/2026,,JACADI SA PARIS,,232.43,
Visa,4512********6561,7/9/2026,,AMZN Mktp CA*930O548W3 866-216-1072 ON,,245.34,
Visa,4512********6561,2/6/2026,,Amazon.ca*HH5VL4P93 866-216-1072 ON,,58.50,
Visa,4512********6561,3/11/2026,,AMZN Mktp CA*1D5VG7O33 866-216-1072 ON,,118.01,
Visa,4512********6561,5/18/2026,,Amazon.ca 866-216-1072 ON,,199.02,
Visa,4512********6561,7/4/2026,,AMZN Mktp CA*641JA4SZ3 866-216-1072 ON,,-297.46,
Visa,4512********6561,1/23/2026,,METRO 84 BURLINGTON ON,,-102.61,
Visa,4512********6561,1/29/2026,,WAL-MART SUPERCENTER#3200OAKVILLE ON,,-60.61,
Visa,4512********6561,5/18/2026,,ROGERS ******8709 888-764-3771 ON,,285.99,
Visa,4512********6561,11/28/2026,,AMZN Mktp CA*OV1BK0XS3 866-216-1072 ON,,32.98,
Visa,4512********6561,2/4/2026,,AMZN Mktp CA*EG3B93YG3 866-216-1072 ON,,-177.11,
Visa,4512********6561,9/24/2026,,AMZN Mktp CA*EG3B93YG3 866-216-1072 ON,,-51.77,
Visa,4512********6561,5/4/2026,,TIM HORTONS #4326 BURLINGTON ON,,281.88,
Visa,4512********6561,7/5/2026,,TIM HORTONS #4326 BURLINGTON ON,,-211.77,
Visa,4512********6561,8/20/2026,,BLACKS PHOTO MONTREAL QC,,-142.44,
Visa,4512********6561,7/9/2026,,Amazon.ca*9J2NO4UV3 866-216-1072 ON,,145.30,
Visa,4512********6561,9/10/2026,,AMZN Mktp CA*4K5541SN3 866-216-1072 ON,,-298.88,
Visa,4512********6561,4/23/2026,,PETSMART INC. 2028 BURLINGTON ON,,-275.90,
Visa,4512********6561,9/14/2026,,FORTINOS (APPLEBY & DU BURLINGTON ON,,61.05,
Visa,4512********6561,4/27/2026,,Amazon.ca*MH6T151N3 866-216-1072 ON,,-194.19,
Visa,4512********6561,6/20/2026,,BLACKS PHOTO MONTREAL QC,,266.87,
Visa,4512********6561,12/4/2026,,CARYL BAKER VISAGE BURLINGTON ON,,205.49,
Visa,4512********6561,9/30/2026,,Amazon.ca*EX2EQ4O33 866-216-1072 ON,,275.42,
Visa,4512********6561,12/26/2026,,PETSMART INC. 2028 BURLINGTON ON,,-193.71,
Visa,4512********6561,6/25/2026,,FORTINOS (APPLEBY & DU BURLINGTON ON,,-46.40,
Visa,4512********6561,10/13/2026,,AMZN Mktp CA*BZ8PQ3CM3 866-216-1072 ON,,1.84,
Visa,4512********6561,3/28/2026,,AMZN Mktp CA*JA9K42I03 866-216-1072 ON,,75.94,
Visa,4512********6561,5/2/2026,,STARSKY FINE FOODS HAM HAMILTON ON,,-49.84,
Visa,4512********6561,11/25/2026,,Amazon.ca 866-216-1072 ON,,144.08,
Visa,4512********6561,7/28/2026,,Amazon.ca 866-216-1072 ON,,253.08,
Visa,4512********6561,1/10/2026,,FORTINOS (APPLEBY & DU BURLINGTON ON,,64.92,
Visa,4512********6561,9/2/2026,,AMZN Mktp CA*BH82T1IQ2 866-216-1072 ON,,-238.51,
Visa,4512********6561,3/5/2026,,Amazon.ca*9J2NO4UV3 866-216-1072 ON,,-215.42,
Visa,4512********6561,4/11/2026,,AMZN Mktp CA*AS9HI6M33 866-216-1072 ON,,124.89,
Visa,4512********6561,8/4/2026,,TIM HORTONS #4326 BURLINGTON ON,,-86.40,
Visa,4512********6561,10/30/2026,,CARYL BAKER VISAGE BURLINGTON ON,,-241.61,
Visa,4512********6561,5/27/2026,,AMZN Mktp CA*1D5VG7O33 866-216-1072 ON,,9.48,
Visa,4512********6561,11/19/2026,,FORTINOS (APPLEBY & DU BURLINGTON ON,,280.78,
Visa,4512********6561,8/25/2026,,PUBLIC MOBILE SELF-SER EDMONTON AB,,119.02,
Visa,4512********6561,1/3/2026,,T&T SUPERMARKET #015 MISSISSAUGA ON,,-59.78,
Visa,4512********6561,2/21/2026,,Amazon.ca*IU3YF1WX3 866-216-1072 ON,,84.71,
Visa,4512********6561,4/10/2026,,ROCK THIS WAY 905-331-9800 ON,,243.79,
Visa,4512********6561,1/15/2026,,PUBLIC MOBILE SELF-SER EDMONTON AB,,71.15,
Visa,4512********6561,10/3/2026,,FORTINOS (APPLEBY & DU BURLINGTON ON,,-46.95,
Visa,4512********6561,7/25/2026,,BURLINGTON NAIL BAR BURLINGTON ON,,65.57,
Visa,4512********6561,9/4/2026,,AMZN Mktp CA*JA9K42I03 866-216-1072 ON,,102.02,
Visa,4512********6561,10/9/2026,,FORTINOS (APPLEBY & DU BURLINGTON ON,,-280.62,
Visa,4512********6561,6/6/2026,,PETSMART INC. 2028 BURLINGTON ON,,-104.64,
Visa,4512********6561,11/15/2026,,AMZN Mktp CA*U94P36FZ3 866-216-1072 ON,,150.31,
Visa,4512********6561,3/21/2026,,AMZN Mktp CA*JE7816O73 866-216-1072 ON,,146.36,
Visa,4512********6561,11/16/2026,,AMZN Mktp CA*4K5541SN3 866-216-1072 ON,,242.32,
Visa,4512********6561,7/22/2026,,Amazon.ca*DG4UZ73R3 866-216-1072 ON,,-1.20,
Visa,4512********6561,1/22/2026,,AMZN Mktp CA*U94P36FZ3 866-216-1072 ON,,-17.21,
Visa,4512********6561,11/29/2026,,SQ *TASHA TI CAKES NORTH YORK ON,,-178.25,
Visa,4512********6561,3/5/2026,,PETRO-CANADA 00122 BURLINGTON ON,,-179.15,
Visa,4512********6561,1/26/2026,,PP*9407CODE 4029357733 ON,,200.19,
Visa,4512********6561,9/21/2026,,AMZN Mktp CA*641JA4SZ3 866-216-1072 ON,,-88.54,
Visa,4512********6561,8/10/2026,,AMZN Mktp CA*ER1DS6QD3 866-216-1072 ON,,54.52,
Visa,4512********6561,8/3/2026,,PUBLIC MOBILE SELF-SER EDMONTON AB,,-123.73,
Visa,4512********6561,5/20/2026,,Amazon.ca*KZ0RC8KE3 866-216-1072 ON,,123.90,
Visa,4512********6561,3/18/2026,,PUBLIC MOBILE SELF-SER EDMONTON AB,,-45.82,
Visa,4512********6561,10/21/2026,,WAL-MART ONLINE PHOTO MISSISSAUGA ON,,-50.78,
Visa,4512********6561,1/20/2026,,Amazon.ca 866-216-1072 ON,,285.18,
Visa,4512********6561,5/11/2026,,STARSKY FINE FOODS HAM HAMILTON ON,,-252.77,
Visa,4512********6561,11/30/2026,,BLACKS PHOTO MONTREAL QC,,-215.66,
Visa,4512********6561,4/17/2026,,Amazon.ca 866-216-1072 ON,,288.70,
Visa,4512********6561,11/9/2026,,AMZN Mktp CA*930O548W3 866-216-1072 ON,,69.10,
Visa,4512********6561,5/28/2026,,MIXBOOK.COM MIXBOOK.COM CA,,-56.71,
Visa,4512********6561,9/15/2026,,WAT AH JERK CARRIBEAN GRITORONTO ON,,152.19,
Visa,4512********6561,7/23/2026,,AMZN Mktp CA*JE7816O73 866-216-1072 ON,,-24.11,
Visa,4512********6561,4/23/2026,,AMZN Mktp CA*P36L97GP3 866-216-1072 ON,,-81.55,
Visa,4512********6561,6/11/2026,,AMZN Mktp CA*CA1399MV3 866-216-1072 ON,,88.87,
Visa,4512********6561,3/11/2026,,AMZN Mktp CA*EG3B93YG3 866-216-1072 ON,,-206.70,
Visa,4512********6561,10/20/2026,,PETRO-CANADA 00122 BURLINGTON ON,,187.52,
Visa,4512********6561,11/24/2026,,AMZN Mktp CA*D38CS58M3 866-216-1072 ON,,119.49,
Visa,4512********6561,11/13/2026,,AMZN Mktp CA*WC9B65NC3 866-216-1072 ON,,-61.50,
Visa,4512********6561,8/31/2026,,AMZN Mktp CA*BH82T1IQ2 866-216-1072 ON,,-254.25,
Visa,4512********6561,11/7/2026,,PETRO-CANADA 00122 BURLINGTON ON,,90.48,
Visa,4512********6561,12/9/2026,,Amazon.ca*IU3YF1WX3 866-216-1072 ON,,176.41,
Visa,4512********6561,5/10/2026,,Amazon.ca*IU3YF1WX3 866-216-1072 ON,,-7.14,
Visa,4512********6561,10/3/2026,,MIXBOOK.COM MIXBOOK.COM CA,,-9.48,
Visa,4512********6561,9/3/2026,,WAL-MART SUPERCENTER#3200OAKVILLE ON,,-278.67,
Visa,4512********6561,8/4/2026,,Amazon.ca*HH5VL4P93 866-216-1072 ON,,-18.35,
Visa,4512********6561,11/21/2026,,SQ *TASHA TI CAKES NORTH YORK ON,,13.55,
Visa,4512********6561,9/17/2026,,OXIO.CA MONTREAL QC,,194.74,
Visa,4512********6561,11/24/2026,,Amazon.ca*KZ0RC8KE3 866-216-1072 ON,,296.01,
Visa,4512********6561,2/19/2026,,STARSKY FINE FOODS HAM HAMILTON ON,,-42.64,
Visa,4512********6561,2/1/2026,,JACADI SA PARIS,,243.87,
Visa,4512********6561,4/3/2026,,PUBLIC MOBILE SELF-SER EDMONTON AB,,225.55,
Visa,4512********6561,6/8/2026,,GAP.COM 800-427-7895 ON,,120.32,
Visa,4512********6561,12/19/2026,,METRO 84 BURLINGTON ON,,-232.71,
Visa,4512********6561,11/5/2026,,ECS COFFEE INC BURLINGTONBURLINGTON ON,,-28.29,
Visa,4512********6561,8/9/2026,,AMZN Mktp CA*U94P36FZ3 866-216-1072 ON,,260.03,
Visa,4512********6561,9/24/2026,,Amazon.ca 866-216-1072 ON,,99.84,
Visa,4512********6561,9/4/2026,,AMZN Mktp CA*EG3B93YG3 866-216-1072 ON,,0.25,
Visa,4512********6561,8/11/2026,,AMZN Mktp CA*SO1JF0AS3 866-216-1072 ON,,-240.02,
Visa,4512********6561,3/28/2026,,ROCK THIS WAY 905-331-9800 ON,,59.97,
Visa,4512********6561,1/24/2026,,AMZN Mktp CA*AS9HI6M33 866-216-1072 ON,,57.14,
Visa,4512********6561,10/14/2026,,METRO 84 BURLINGTON ON,,89.38,
Visa,4512********6561,5/16/2026,,PUBLIC MOBILE SELF-SER EDMONTON AB,,-295.59,
Visa,4512********6561,5/19/2026,,AMZN Mktp CA*EG3B93YG3 866-216-1072 ON,,-243.33,
Visa,4512********6561,5/6/2026,,AMZN Mktp CA*CA1399MV3 866-216-1072 ON,,124.81,
Visa,4512********6561,4/13/2026,,CARYL BAKER VISAGE BURLINGTON ON,,-93.03,
Visa,4512********6561,3/21/2026,,WAL-MART SUPERCENTER#3200OAKVILLE ON,,269.20,
Visa,4512********6561,7/27/2026,,PP*9407CODE 4029357733 ON,,139.73,
Visa,4512********6561,8/10/2026,,OXIO.CA MONTREAL QC,,267.55,
Visa,4512********6561,6/9/2026,,AMZN Mktp CA*930O548W3 866-216-1072 ON,,-50.49,
Visa,4512********6561,5/31/2026,,AMZN Mktp CA*AS9HI6M33 866-216-1072 ON,,-115.84,
Visa,4512********6561,2/19/2026,,Amazon.ca*HH5VL4P93 866-216-1072 ON,,147.43,
Visa,4512********6561,6/9/2026,,AMZN Mktp CA*930O548W3 866-216-1072 ON,,-94.26,
Visa,4512********6561,4/30/2026,,AMZN Mktp CA*WC9B65NC3 866-216-1072 ON,,188.28,
Visa,4512********6561,2/6/2026,,AMZN Mktp CA*JE7816O73 866-216-1072 ON,,52.77,
Visa,4512********6561,11/24/2026,,ECS COFFEE INC BURLINGTONBURLINGTON ON,,-90.67,
Visa,4512********6561,7/29/2026,,Amazon.ca*EX2EQ4O33 866-216-1072 ON,,280.76,
Visa,4512********6561,6/7/2026,,AMZN Mktp CA*D38CS58M3 866-216-1072 ON,,-169.99,
Visa,4512********6561,6/14/2026,,Amazon.ca*EX2EQ4O33 866-216-1072 ON,,97.12,
Visa,4512********6561,4/6/2026,,AMZN Mktp CA*930O548W3 866-216-1072 ON,,-154.29,
Visa,4512********6561,10/14/2026,,BUYTIX.CA 416-721-4260 ON,,114.06,
Visa,4512********6561,2/17/2026,,BLACKS PHOTO MONTREAL QC,,107.87,
Visa,4512********6561,2/23/2026,,OOMA CANADA INC 650-269-3061 BC,,270.38,
Visa,4512********6561,4/13/2026,,STARSKY FINE FOODS HAM HAMILTON ON,,4.38,
Visa,4512********6561,2/14/2026,,CARYL BAKER VISAGE BURLINGTON ON,,191.78,
Visa,4512********6561,12/20/2026,,Amazon.ca*MH6T151N3 866-216-1072 ON,,236.58,
Visa,4512********6561,1/25/2026,,SP YOTO PARTNERS CA YOTO-CANADA.MCA,,259.64,
Visa,4512********6561,8/28/2026,,AMZN Mktp CA*EX66W6X63 866-216-1072 ON,,284.50,
Visa,4512********6561,8/26/2026,,BUYTIX.CA 416-721-4260 ON,,36.62,
Visa,4512********6561,8/10/2026,,ECS COFFEE INC BURLINGTONBURLINGTON ON,,14.22,
Visa,4512********6561,11/6/2026,,PrimeVideo.c*CQ6T29603 www.amazon.caBC,,124.02,
Visa,4512********6561,2/4/2026,,AMZN Mktp CA*9U6NY9683 866-216-1072 ON,,206.01,
Visa,4512********6561,9/13/2026,,BLACKS PHOTO MONTREAL QC,,-192.86,
Visa,4512********6561,10/19/2026,,CONSERVATION HALTON 905-336-1158 ON,,-68.45,
Visa,4512********6561,12/23/2026,,Amazon.ca*MH6T151N3 866-216-1072 ON,,-216.49,
Visa,4512********6561,6/30/2026,,PETRO-CANADA 00122 BURLINGTON ON,,-117.33,
Visa,4512********6561,5/2/2026,,PUBLIC MOBILE SELF-SER EDMONTON AB,,262.45,
Visa,4512********6561,1/17/2026,,Amazon.ca*KZ0RC8KE3 866-216-1072 ON,,-97.96,
Visa,4512********6561,12/25/2026,,AMZN Mktp CA*3D2QX4CS3 866-216-1072 ON,,297.14,
Visa,4512********6561,8/29/2026,,ROCK THIS WAY 905-331-9800 ON,,173.34,
Visa,4512********6561,11/12/2026,,AMZN Mktp CA*JA9K42I03 866-216-1072 ON,,-230.89,
Visa,4512********6561,7/24/2026,,AMZN Mktp CA*CA1399MV3 866-216-1072 ON,,-75.78,
Visa,4512********6561,3/26/2026,,PUBLIC MOBILE SELF-SER EDMONTON AB,,-190.51,
Visa,4512********6561,11/20/2026,,T&T SUPERMARKET #015 MISSISSAUGA ON,,-71.35,
Visa,4512********6561,3/2/2026,,PUBLIC MOBILE SELF-SER EDMONTON AB,,220.37,
Visa,4512********6561,4/21/2026,,FORTINOS (APPLEBY & DU BURLINGTON ON,,268.92,
Visa,4512********6561,4/24/2026,,AMZN Mktp CA*9U6NY9683 866-216-1072 ON,,72.65,
Visa,4512********6561,4/14/2026,,SP YOTO PARTNERS CA YOTO-CANADA.MCA,,23.46,
Visa,4512********6561,6/12/2026,,PrimeVideo.c*CQ6T29603 www.amazon.caBC,,-52.03,
Visa,4512********6561,6/26/2026,,PUBLIC MOBILE SELF-SER EDMONTON AB,,-10.20,
Visa,4512********6561,5/11/2026,,PUBLIC MOBILE SELF-SER EDMONTON AB,,-68.04,
Visa,4512********6561,4/11/2026,,TIM HORTONS #4326 BURLINGTON ON,,-266.78,
Visa,4512********6561,4/25/2026,,PETSMART INC. 2028 BURLINGTON ON,,-94.55,
Visa,4512********6561,9/21/2026,,OXIO.CA MONTREAL QC,,-175.35,
Visa,4512********6561,5/10/2026,,AMZN Mktp CA*D38CS58M3 866-216-1072 ON,,-264.96,
Visa,4512********6561,11/30/2026,,GAP.COM 800-427-7895 ON,,-237.06,
Visa,4512********6561,4/5/2026,,AMZN Mktp CA*D38CS58M3 866-216-1072 ON,,-22.33,
Visa,4512********6561,2/19/2026,,Amazon.ca*SH5S72A13 866-216-1072 ON,,210.78,
Visa,4512********6561,5/14/2026,,Amazon.ca*HH5VL4P93 866-216-1072 ON,,221.39,
Visa,4512********6561,11/18/2026,,METRO 84 BURLINGTON ON,,239.90,
Visa,4512********6561,6/2/2026,,AMZN Mktp CA*JA9K42I03 866-216-1072 ON,,-273.44,
Visa,4512********6561,9/24/2026,,WAT AH JERK CARRIBEAN GRITORONTO ON,,-288.73,
Visa,4512********6561,6/5/2026,,ROGERS ******8709 888-764-3771 ON,,267.08,
Visa,4512********6561,11/15/2026,,AMZN Mktp CA*EG3B93YG3 866-216-1072 ON,,-78.97,
Visa,4512********6561,10/7/2026,,AMZN Mktp CA*AS9HI6M33 866-216-1072 ON,,-32.26,
Visa,4512********6561,7/14/2026,,AMZN Mktp CA*1D5VG7O33 866-216-1072 ON,,120.09,
Visa,4512********6561,9/13/2026,,AMZN Mktp CA*641JA4SZ3 866-216-1072 ON,,283.93,
Visa,4512********6561,5/30/2026,,BURLINGTON NAIL BAR BURLINGTON ON,,211.52,
Visa,4512********6561,9/1/2026,,Amazon.ca 866-216-1072 ON,,103.39,
Visa,4512********6561,10/8/2026,,PP*9407CODE 4029357733 ON,,28.45,
Visa,4512********6561,3/5/2026,,Amazon.ca*BH8GB1KL1 866-216-1072 ON,,55.79,
Visa,4512********6561,6/3/2026,,CONSERVATION HALTON 905-336-1158 ON,,59.79,
Visa,4512********6561,2/6/2026,,AMZN Mktp CA*WC9B65NC3 866-216-1072 ON,,287.23,
Visa,4512********6561,10/29/2026,,ECS COFFEE INC BURLINGTONBURLINGTON ON,,11.51,
Visa,4512********6561,8/14/2026,,AMZN Mktp CA*3D2QX4CS3 866-216-1072 ON,,287.63,
Visa,4512********6561,3/24/2026,,AMZN Mktp CA*641JA4SZ3 866-216-1072 ON,,208.69,
Visa,4512********6561,8/12/2026,,AMZN Mktp CA*3D2QX4CS3 866-216-1072 ON,,168.09,
Visa,4512********6561,8/14/2026,,AMZN Mktp CA*P36L97GP3 866-216-1072 ON,,106.98,
Visa,4512********6561,3/8/2026,,AMZN Mktp CA*U94P36FZ3 866-216-1072 ON,,-154.40,
Visa,4512********6561,4/2/2026,,PUBLIC MOBILE SELF-SER EDMONTON AB,,-0.51,
Visa,4512********6561,10/28/2026,,Amazon.ca*KZ0RC8KE3 866-216-1072 ON,,-153.78,
Visa,4512********6561,3/1/2026,,AMZN Mktp CA*OV1BK0XS3 866-216-1072 ON,,-133.66,
Visa,4512********6561,1/12/2026,,SP YOTO PARTNERS CA YOTO-CANADA.MCA,,156.89,
Visa,4512********6561,1/21/2026,,ROCK THIS WAY 905-331-9800 ON,,-213.78,
Visa,4512********6561,11/7/2026,,Amazon.ca*DG4UZ73R3 866-216-1072 ON,,-231.50,
Visa,4512********6561,12/30/2026,,STARSKY FINE FOODS HAM HAMILTON ON,,-145.15,
Visa,4512********6561,5/29/2026,,AMZN Mktp CA*930O548W3 866-216-1072 ON,,36.04,
Visa,4512********6561,2/20/2026,,PrimeVideo.c*CQ6T29603 www.amazon.caBC,,-46.55,
Visa,4512********6561,8/21/2026,,SQ *TASHA TI CAKES NORTH YORK ON,,27.07,
Visa,4512********6561,8/8/2026,,BURLINGTON NAIL BAR BURLINGTON ON,,172.70,
Visa,4512********6561,12/16/2026,,WAL-MART SUPERCENTER#3200OAKVILLE ON,,213.92,
Visa,4512********6561,4/20/2026,,Amazon.ca*DG4UZ73R3 866-216-1072 ON,,-118.24,
Visa,4512********6561,10/15/2026,,AUTOMATIC PAYMENT -THANK YOU,,-204.05,
Visa,4512********6561,11/30/2026,,Amazon.ca*9J2NO4UV3 866-216-1072 ON,,289.31,
Visa,4512********6561,5/12/2026,,TIM HORTONS #4326 BURLINGTON ON,,-212.03,
Visa,4512********6561,2/16/2026,,Amazon.ca*YF7ZA3AT3 866-216-1072 ON,,95.66,
Visa,4512********6561,12/6/2026,,AMZN Mktp CA*776RE9J73 866-216-1072 ON,,282.37,
Visa,4512********6561,4/26/2026,,Amazon.ca 866-216-1072 ON,,10.93,
Visa,4512********6561,6/3/2026,,MIXBOOK.COM MIXBOOK.COM CA,,-274.17,
Visa,4512********6561,3/2/2026,,AMZN Mktp CA*BZ8PQ3CM3 866-216-1072 ON,,-295.52,
Visa,4512********6561,4/26/2026,,Amazon.ca*EX2EQ4O33 866-216-1072 ON,,231.25,
Visa,4512********6561,1/1/2026,,TIM HORTONS #4326 BURLINGTON ON,,-163.23,
Visa,4512********6561,1/15/2026,,AMZN Mktp CA*OV1BK0XS3 866-216-1072 ON,,-212.20,
Visa,4512********6561,4/14/2026,,BURGER FACTORY 023 - B Burlington ON,,-263.16,
Visa,4512********6561,7/19/2026,,Amazon.ca*IU3YF1WX3 866-216-1072 ON,,-251.93,
Visa,4512********6561,8/24/2026,,PETRO-CANADA 00122 BURLINGTON ON,,150.98,
Visa,4512********6561,12/17/2026,,Amazon.ca*BH8GB1KL1 866-216-1072 ON,,19.88,
Visa,4512********6561,10/12/2026,,WAT AH JERK CARRIBEAN GRITORONTO ON,,132.46,
Visa,4512********6561,5/7/2026,,Amazon.ca*DG4UZ73R3 866-216-1072 ON,,277.57,
Visa,4512********6561,3/26/2026,,AMZN Mktp CA*EG3B93YG3 866-216-1072 ON,,225.62,
Visa,4512********6561,1/6/2026,,WAL-MART ONLINE PHOTO MISSISSAUGA ON,,-33.15,
Visa,4512********6561,7/29/2026,,Amazon.ca*IU3YF1WX3 866-216-1072 ON,,-61.70,
Visa,4512********6561,9/25/2026,,AMZN Mktp CA*776RE9J73 866-216-1072 ON,,-46.98,
Visa,4512********6561,5/17/2026,,ROCK THIS WAY 905-331-9800 ON,,-290.68,
Visa,4512********6561,12/15/2026,,Amazon.ca*IU3YF1WX3 866-216-1072 ON,,272.30,
Visa,4512********6561,8/22/2026,,FORTINOS (APPLEBY & DU BURLINGTON ON,,288.31,
Visa,4512********6561,7/25/2026,,Amazon.ca*MH6T151N3 866-216-1072 ON,,156.02,
Visa,4512********6561,3/3/2026,,GAP.COM 800-427-7895 ON,,182.10,
Visa,4512********6561,8/5/2026,,WAL-MART SUPERCENTER#3200OAKVILLE ON,,158.24,
Visa,4512********6561,12/31/2026,,Amazon.ca*HH5VL4P93 866-216-1072 ON,,246.96,
Visa,4512********6561,1/11/2026,,T&T SUPERMARKET #015 MISSISSAUGA ON,,-168.31,
Visa,4512********6561,12/7/2026,,Amazon.ca*SH5S72A13 866-216-1072 ON,,268.83,
Visa,4512********6561,10/6/2026,,ROGERS ******8709 888-764-3771 ON,,87.50,
Visa,4512********6561,6/10/2026,,RFBT-MAPLEVIEW CENTRE BURLINGTON ON,,14.98,
Visa,4512********6561,8/9/2026,,PrimeVideo.c*CQ6T29603 www.amazon.caBC,,-17.07,
Visa,4512********6561,1/14/2026,,Amazon.ca*KZ0RC8KE3 866-216-1072 ON,,178.71,
Visa,4512********6561,11/8/2026,,SP YOTO PARTNERS CA YOTO-CANADA.MCA,,26.72,
Visa,4512********6561,2/26/2026,,AMZN Mktp CA*3D2QX4CS3 866-216-1072 ON,,-260.82,
Visa,4512********6561,9/14/2026,,AMZN Mktp CA*SO1JF0AS3 866-216-1072 ON,,206.78,
Visa,4512********6561,2/6/2026,,Amazon.ca*BH8GB1KL1 866-216-1072 ON,,-288.54,
Visa,4512********6561,9/11/2026,,AMZN Mktp CA*P36L97GP3 866-216-1072 ON,,-280.97,
Visa,4512********6561,1/16/2026,,Amazon.ca 866-216-1072 ON,,-285.75,
Visa,4512********6561,4/19/2026,,AMZN Mktp CA*9U6NY9683 866-216-1072 ON,,-9.63,
Visa,4512********6561,6/1/2026,,AMZN Mktp CA*BH82T1IQ2 866-216-1072 ON,,-53.13,
Visa,4512********6561,1/12/2026,,AMZN Mktp CA*EG3B93YG3 866-216-1072 ON,,122.38,
Visa,4512********6561,5/12/2026,,AMZN Mktp CA*BH82T1IQ2 866-216-1072 ON,,47.20,
Visa,4512********6561,9/24/2026,,Amazon.ca*EX2EQ4O33 866-216-1072 ON,,-151.87,
Visa,4512********6561,8/26/2026,,AMZN Mktp CA*776RE9J73 866-216-1072 ON,,-148.07,
Visa,4512********6561,7/4/2026,,Amazon.ca*DG4UZ73R3 866-216-1072 ON,,-249.15,
Visa,4512********6561,5/29/2026,,AMZN Mktp CA*641JA4SZ3 866-216-1072 ON,,-124.37,
Visa,4512********6561,2/8/2026,,AMZN Mktp CA*EG3B93YG3 866-216-1072 ON,,161.95,
Visa,4512********6561,4/25/2026,,T&T SUPERMARKET #015 MISSISSAUGA ON,,-182.75,
Visa,4512********6561,9/19/2026,,AMZN Mktp CA*BZ8PQ3CM3 866-216-1072 ON,,-295.71,
Visa,4512********6561,10/18/2026,,OXIO.CA MONTREAL QC,,-44.99,
Visa,4512********6561,3/1/2026,,WAL-MART SUPERCENTER#3200OAKVILLE ON,,-86.81,
Visa,4512********6561,10/31/2026,,Amazon.ca*DG4UZ73R3 866-216-1072 ON,,-128.31,
Visa,4512********6561,7/3/2026,,JACADI SA PARIS,,-74.24,
Visa,4512********6561,3/26/2026,,AMZN Mktp CA*JE7816O73 866-216-1072 ON,,64.51,
Visa,4512********6561,10/28/2026,,BURGER FACTORY 023 - B Burlington ON,,118.64,
Visa,4512********6561,11/10/2026,,Amazon.ca*MH6T151N3 866-216-1072 ON,,291.92,
Visa,4512********6561,7/26/2026,,PP*9407CODE 4029357733 ON,,-122.82,
Visa,4512********6561,8/10/2026,,AMZN Mktp CA*JA9K42I03 866-216-1072 ON,,65.33,
Visa,4512********6561,8/14/2026,,AMZN Mktp CA*OV1BK0XS3 866-216-1072 ON,,22.28,
Visa,4512********6561,1/11/2026,,Amazon.ca*DG4UZ73R3 866-216-1072 ON,,209.21,
Visa,4512********6561,5/6/2026,,PUBLIC MOBILE SELF-SER EDMONTON AB,,-267.16,
Visa,4512********6561,11/11/2026,,Amazon.ca*YF7ZA3AT3 866-216-1072 ON,,-30.42,
Visa,4512********6561,8/11/2026,,Amazon.ca*KZ0RC8KE3 866-216-1072 ON,,-122.35,
Visa,4512********6561,7/5/2026,,AMZN Mktp CA*930O548W3 866-216-1072 ON,,-134.05,
Visa,4512********6561,6/21/2026,,AMZN Mktp CA*ER1DS6QD3 866-216-1072 ON,,1.54,
Visa,4512********6561,12/20/2026,,AMZN Mktp CA*3D2QX4CS3 866-216-1072 ON,,190.71,
Visa,4512********6561,1/12/2026,,SQ *TASHA TI CAKES NORTH YORK ON,,-263.18,
Visa,4512********6561,1/2/2026,,AMZN Mktp CA*4K5541SN3 866-216-1072 ON,,212.27,
Visa,4512********6561,12/14/2026,,BLACKS PHOTO MONTREAL QC,,245.83,
Visa,4512********6561,2/7/2026,,BLACKS PHOTO MONTREAL QC,,-56.31,
Visa,4512********6561,2/22/2026,,Amazon.ca*HH5VL4P93 866-216-1072 ON,,119.90,
Visa,4512********6561,3/1/2026,,BLACKS PHOTO MONTREAL QC,,-135.35,
Visa,4512********6561,2/28/2026,,BLACKS PHOTO MONTREAL QC,,108.08,
Visa,4512********6561,2/14/2026,,Amazon.ca*EX2EQ4O33 866-216-1072 ON,,127.11,
Visa,4512********6561,11/5/2026,,Amazon.ca*BH8GB1KL1 866-216-1072 ON,,25.92,
Visa,4512********6561,2/10/2026,,STARSKY FINE FOODS HAM HAMILTON ON,,-42.54,
Visa,4512********6561,5/26/2026,,AMZN Mktp CA*P36L97GP3 866-216-1072 ON,,165.38,
Visa,4512********6561,3/24/2026,,SP YOTO PARTNERS CA YOTO-CANADA.MCA,,-216.79,
Visa,4512********6561,11/24/2026,,FORTINOS (APPLEBY & DU BURLINGTON ON,,158.36,
Visa,4512********6561,12/21/2026,,SQ *TASHA TI CAKES NORTH YORK ON,,-19.97,
Visa,4512********6561,4/18/2026,,ROCK THIS WAY 905-331-9800 ON,,-2.85,
Visa,4512********6561,8/22/2026,,T&T SUPERMARKET #015 MISSISSAUGA ON,,-264.29,
Visa,4512********6561,12/6/2026,,WAT AH JERK CARRIBEAN GRITORONTO ON,,-259.83,
Visa,4512********6561,7/2/2026,,AMZN Mktp CA*EG3B93YG3 866-216-1072 ON,,-30.62,
Visa,4512********6561,7/28/2026,,BURLINGTON NAIL BAR BURLINGTON ON,,-270.04,
Visa,4512********6561,8/1/2026,,SQ *TASHA TI CAKES NORTH YORK ON,,215.76,
Visa,4512********6561,8/11/2026,,SP YOTO PARTNERS CA YOTO-CANADA.MCA,,-164.71,
Visa,4512********6561,7/16/2026,,BURGER FACTORY 023 - B Burlington ON,,286.63,
Visa,4512********6561,12/5/2026,,PUBLIC MOBILE SELF-SER EDMONTON AB,,173.65,
Visa,4512********6561,5/19/2026,,BURGER FACTORY 023 - B Burlington ON,,-192.49,
Visa,4512********6561,12/18/2026,,BURGER FACTORY 023 - B Burlington ON,,-132.81,
Visa,4512********6561,8/17/2026,,OXIO.CA MONTREAL QC,,90.12,
Visa,4512********6561,6/1/2026,,AUTOMATIC PAYMENT -THANK YOU,,247.37,
Visa,4512********6561,5/4/2026,,AMZN Mktp CA*QT2J50C23 866-216-1072 ON,,-46.91,
Visa,4512********6561,8/8/2026,,PP*9407CODE 4029357733 ON,,-0.36,
Visa,4512********6561,1/30/2026,,Amazon.ca*HH5VL4P93 866-216-1072 ON,,-49.85,
Visa,4512********6561,1/9/2026,,AMZN Mktp CA*WC9B65NC3 866-216-1072 ON,,289.22,
Visa,4512********6561,2/15/2026,,MIXBOOK.COM MIXBOOK.COM CA,,241.65,
Visa,4512********6561,1/22/2026,,OOMA CANADA INC 650-269-3061 BC,,195.49,
Visa,4512********6561,8/2/2026,,Amazon.ca*BH8GB1KL1 866-216-1072 ON,,20.65,
Visa,4512********6561,5/10/2026,,OOMA CANADA INC 650-269-3061 BC,,-298.81,
Visa,4512********6561,10/12/2026,,AMZN Mktp CA*ER1DS6QD3 866-216-1072 ON,,-222.46,
Visa,4512********6561,1/22/2026,,Amazon.ca*EX2EQ4O33 866-216-1072 ON,,10.24,
Visa,4512********6561,10/15/2026,,ROCK THIS WAY 905-331-9800 ON,,-179.45,
Visa,4512********6561,9/20/2026,,Amazon.ca 866-216-1072 ON,,-157.44,
Visa,4512********6561,5/24/2026,,CONSERVATION HALTON 905-336-1158 ON,,269.05,
Visa,4512********6561,9/21/2026,,Amazon.ca*DG4UZ73R3 866-216-1072 ON,,-232.25,
Visa,4512********6561,10/2/2026,,Amazon.ca*EX2EQ4O33 866-216-1072 ON,,8.90,
Visa,4512********6561,7/5/2026,,CARYL BAKER VISAGE BURLINGTON ON,,-80.35,
Visa,4512********6561,2/1/2026,,Amazon.ca*EX2EQ4O33 866-216-1072 ON,,122.79,
Visa,4512********6561,5/6/2026,,RFBT-MAPLEVIEW CENTRE BURLINGTON ON,,-197.89,
Visa,4512********6561,3/30/2026,,GAP.COM 800-427-7895 ON,,-243.30,
Visa,4512********6561,10/22/2026,,PETSMART INC. 2028 BURLINGTON ON,,111.90,
Visa,4512********6561,1/1/2026,,AMZN Mktp CA*CA1399MV3 866-216-1072 ON,,-10.69,
Visa,4512********6561,1/26/2026,,AMZN Mktp CA*1D5VG7O33 866-216-1072 ON,,-88.90,
Visa,4512********6561,1/25/2026,,Amazon.ca*DG4UZ73R3 866-216-1072 ON,,190.38,
Visa,4512********6561,5/1/2026,,AMZN Mktp CA*WC9B65NC3 866-216-1072 ON,,184.42,
Visa,4512********6561,10/26/2026,,AMZN Mktp CA*9U6NY9683 866-216-1072 ON,,29.07,
Visa,4512********6561,7/4/2026,,BLACKS PHOTO MONTREAL QC,,-298.75,
Visa,4512********6561,1/7/2026,,AMZN Mktp CA*776RE9J73 866-216-1072 ON,,-228.36,
Visa,4512********6561,5/22/2026,,Amazon.ca*SH5S72A13 866-216-1072 ON,,-110.84,
Visa,4512********6561,11/6/2026,,AMZN Mktp CA*1D5VG7O33 866-216-1072 ON,,267.36,
Visa,4512********6561,3/24/2026,,AMZN Mktp CA*D38CS58M3 866-216-1072 ON,,185.81,
Visa,4512********6561,3/11/2026,,AMZN Mktp CA*4K5541SN3 866-216-1072 ON,,-157.22,
Visa,4512********6561,3/22/2026,,FORTINOS (APPLEBY & DU BURLINGTON ON,,-196.60,
Visa,4512********6561,3/17/2026,,CARYL BAKER VISAGE BURLINGTON ON,,31.49,
Visa,4512********6561,1/8/2026,,ROCK THIS WAY 905-331-9800 ON,,169.35,
Visa,4512********6561,11/3/2026,,Amazon.ca*MH6T151N3 866-216-1072 ON,,-46.28,
Visa,4512********6561,1/27/2026,,AUTOMATIC PAYMENT -THANK YOU,,277.24,
Visa,4512********6561,2/1/2026,,PrimeVideo.c*CQ6T29603 www.amazon.caBC,,-190.21,
Visa,4512********6561,10/27/2026,,FORTINOS (APPLEBY & DU BURLINGTON ON,,299.89,
Visa,4512********6561,1/17/2026,,Amazon.ca 866-216-1072 ON,,127.72,
Visa,4512********6561,10/22/2026,,AMZN Mktp CA*D38CS58M3 866-216-1072 ON,,171.93,
Visa,4512********6561,2/11/2026,,AMZN Mktp CA*SO1JF0AS3 866-216-1072 ON,,18.04,
Visa,4512********6561,5/20/2026,,Amazon.ca*SH5S72A13 866-216-1072 ON,,-4.86,
Visa,4512********6561,10/3/2026,,AMZN Mktp CA*D38CS58M3 866-216-1072 ON,,243.59,
Visa,4512********6561,10/3/2026,,AMZN Mktp CA*9U6NY9683 866-216-1072 ON,,53.50,
Visa,4512********6561,7/19/2026,,RFBT-MAPLEVIEW CENTRE BURLINGTON ON,,169.69,
Visa,4512********6561,4/29/2026,,TIM HORTONS #4326 BURLINGTON ON,,11.61,
Visa,4512********6561,7/7/2026,,PrimeVideo.c*CQ6T29603 www.amazon.caBC,,146.61,
Visa,4512********6561,4/10/2026,,Amazon.ca*EX2EQ4O33 866-216-1072 ON,,128.82,
Visa,4512********6561,7/20/2026,,AMZN Mktp CA*P36L97GP3 866-216-1072 ON,,84.95,
Visa,4512********6561,10/2/2026,,PETSMART INC. 2028 BURLINGTON ON,,108.69,
Visa,4512********6561,2/10/2026,,AMZN Mktp CA*ER1DS6QD3 866-216-1072 ON,,-260.13,
Visa,4512********6561,12/9/2026,,OOMA CANADA INC 650-269-3061 BC,,86.74,
Visa,4512********6561,8/3/2026,,BURLINGTON NAIL BAR BURLINGTON ON,,71.92,
Visa,4512********6561,6/13/2026,,METRO 84 BURLINGTON ON,,134.29,
Visa,4512********6561,7/4/2026,,Amazon.ca 866-216-1072 ON,,-249.41,
Visa,4512********6561,7/2/2026,,PETSMART INC. 2028 BURLINGTON ON,,275.76,
Visa,4512********6561,2/18/2026,,Amazon.ca*YF7ZA3AT3 866-216-1072 ON,,-11.94,
Visa,4512********6561,10/15/2026,,AMZN Mktp CA*BH82T1IQ2 866-216-1072 ON,,-183.89,
Visa,4512********6561,9/9/2026,,AMZN Mktp CA*4K5541SN3 866-216-1072 ON,,-33.86,
Visa,4512********6561,10/30/2026,,AUTOMATIC PAYMENT -THANK YOU,,-103.33,
Visa,4512********6561,9/9/2026,,PP*9407CODE 4029357733 ON,,-162.43,
Visa,4512********6561,5/7/2026,,AMZN Mktp CA*U94P36FZ3 866-216-1072 ON,,-37.26,
Visa,4512********6561,3/15/2026,,BUYTIX.CA 416-721-4260 ON,,-142.24,
Visa,4512********6561,2/19/2026,,AMZN Mktp CA*EX66W6X63 866-216-1072 ON,,244.68,
Visa,4512********6561,4/3/2026,,AMZN Mktp CA*ER1DS6QD3 866-216-1072 ON,,-290.87,
Visa,4512********6561,1/22/2026,,BLACKS PHOTO MONTREAL QC,,-276.39,
Visa,4512********6561,3/7/2026,,Amazon.ca 866-216-1072 ON,,124.25,
Visa,4512********6561,12/15/2026,,AMZN Mktp CA*1D5VG7O33 866-216-1072 ON,,-239.45,
Visa,4512********6561,11/23/2026,,AMZN Mktp CA*EG3B93YG3 866-216-1072 ON,,153.98,
Visa,4512********6561,6/25/2026,,ROGERS ******8709 888-764-3771 ON,,-255.20,
Visa,4512********6561,9/22/2026,,AMZN Mktp CA*U94P36FZ3 866-216-1072 ON,,-98.25,
Visa,4512********6561,6/8/2026,,T&T SUPERMARKET #015 MISSISSAUGA ON,,230.14,
Visa,4512********6561,6/10/2026,,AMZN Mktp CA*BZ8PQ3CM3 866-216-1072 ON,,-110.35,
Visa,4512********6561,10/21/2026,,Amazon.ca 866-216-1072 ON,,-116.63,
Visa,4512********6561,6/5/2026,,MIXBOOK.COM MIXBOOK.COM CA,,245.67,
Visa,4512********6561,8/20/2026,,CARYL BAKER VISAGE BURLINGTON ON,,-49.02,
Visa,4512********6561,12/25/2026,,Amazon.ca*MH6T151N3 866-216-1072 ON,,15.94,
Visa,4512********6561,4/13/2026,,SP YOTO PARTNERS CA YOTO-CANADA.MCA,,-203.61,
Visa,4512********6561,7/25/2026,,PUBLIC MOBILE SELF-SER EDMONTON AB,,154.37,
Visa,4512********6561,7/16/2026,,BLACKS PHOTO MONTREAL QC,,-299.16,
Visa,4512********6561,10/20/2026,,AMZN Mktp CA*9U6NY9683 866-216-1072 ON,,-41.15,
Visa,4512********6561,2/3/2026,,AMZN Mktp CA*P36L97GP3 866-216-1072 ON,,-40.60,
Visa,4512********6561,7/1/2026,,Amazon.ca*YF7ZA3AT3 866-216-1072 ON,,-99.52,
Visa,4512********6561,7/3/2026,,AMZN Mktp CA*QT2J50C23 866-216-1072 ON,,145.06,
Visa,4512********6561,5/21/2026,,BURLINGTON NAIL BAR BURLINGTON ON,,-297.42,
Visa,4512********6561,6/17/2026,,AUTOMATIC PAYMENT -THANK YOU,,61.14,
Visa,4512********6561,4/24/2026,,ECS COFFEE INC BURLINGTONBURLINGTON ON,,24.21,
Visa,4512********6561,10/23/2026,,AMZN Mktp CA*U94P36FZ3 866-216-1072 ON,,269.50,
Visa,4512********6561,11/13/2026,,ECS COFFEE INC BURLINGTONBURLINGTON ON,,-282.23,
Visa,4512********6561,7/30/2026,,AMZN Mktp CA*CA1399MV3 866-216-1072 ON,,44.81,
Visa,4512********6561,3/17/2026,,AMZN Mktp CA*D38CS58M3 866-216-1072 ON,,197.90,
Visa,4512********6561,10/7/2026,,AMZN Mktp CA*JA9K42I03 866-216-1072 ON,,286.95,
Visa,4512********6561,12/13/2026,,Amazon.ca*YF7ZA3AT3 866-216-1072 ON,,95.24,
Visa,4512********6561,6/13/2026,,BURLINGTON NAIL BAR BURLINGTON ON,,-221.79,
Visa,4512********6561,10/26/2026,,BUYTIX.CA 416-721-4260 ON,,-9.88,
Visa,4512********6561,6/5/2026,,AMZN Mktp CA*CA1399MV3 866-216-1072 ON,,261.12,
Visa,4512********6561,11/30/2026,,Amazon.ca*YF7ZA3AT3 866-216-1072 ON,,-238.15,
Visa,4512********6561,1/16/2026,,RFBT-MAPLEVIEW CENTRE BURLINGTON ON,,-47.17,
Visa,4512********6561,7/9/2026,,Amazon.ca*DG4UZ73R3 866-216-1072 ON,,252.02,
Visa,4512********6561,4/25/2026,,AMZN Mktp CA*EG3B93YG3 866-216-1072 ON,,163.75,
Visa,4512********6561,6/14/2026,,Amazon.ca*HH5VL4P93 866-216-1072 ON,,219.58,
Visa,4512********6561,11/17/2026,,PUBLIC MOBILE SELF-SER EDMONTON AB,,-159.93,
Visa,4512********6561,5/12/2026,,TIM HORTONS #4326 BURLINGTON ON,,240.82,
Visa,4512********6561,3/3/2026,,OXIO.CA MONTREAL QC,,-286.34,
Visa,4512********6561,12/9/2026,,SQ *TASHA TI CAKES NORTH YORK ON,,55.24,
Visa,4512********6561,5/8/2026,,BURLINGTON NAIL BAR BURLINGTON ON,,-77.11,
Visa,4512********6561,3/4/2026,,AMZN Mktp CA*641JA4SZ3 866-216-1072 ON,,-114.62,
Visa,4512********6561,10/28/2026,,BURGER FACTORY 023 - B Burlington ON,,298.18,
Visa,4512********6561,1/31/2026,,AMZN Mktp CA*4K5541SN3 866-216-1072 ON,,13.81,
Visa,4512********6561,8/9/2026,,ROCK THIS WAY 905-331-9800 ON,,234.54,
Visa,4512********6561,8/20/2026,,AMZN Mktp CA*QT2J50C23 866-216-1072 ON,,31.72,
Visa,4512********6561,2/4/2026,,BURLINGTON NAIL BAR BURLINGTON ON,,-292.65,
Visa,4512********6561,1/25/2026,,ROGERS ******8709 888-764-3771 ON,,-92.32,
Visa,4512********6561,5/20/2026,,PUBLIC MOBILE SELF-SER EDMONTON AB,,-108.32,
Visa,4512********6561,7/3/2026,,Amazon.ca*HH5VL4P93 866-216-1072 ON,,-219.61,
Visa,4512********6561,5/22/2026,,AMZN Mktp CA*ER1DS6QD3 866-216-1072 ON,,-56.75,
Visa,4512********6561,11/8/2026,,Amazon.ca*IU3YF1WX3 866-216-1072 ON,,-271.83,
Visa,4512********6561,2/3/2026,,AMZN Mktp CA*JE7816O73 866-216-1072 ON,,270.72,
Visa,4512********6561,7/9/2026,,Amazon.ca*HH5VL4P93 866-216-1072 ON,,16.93,
Visa,4512********6561,4/20/2026,,ROGERS ******8709 888-764-3771 ON,,274.36,
Visa,4512********6561,1/4/2026,,AMZN Mktp CA*AS9HI6M33 866-216-1072 ON,,-290.73,
Visa,4512********6561,6/4/2026,,AMZN Mktp CA*930O548W3 866-216-1072 ON,,-187.36,
Visa,4512********6561,6/6/2026,,RFBT-MAPLEVIEW CENTRE BURLINGTON ON,,276.40,
Visa,4512********6561,4/29/2026,,FORTINOS (APPLEBY & DU BURLINGTON ON,,-174.10,
Visa,4512********6561,2/17/2026,,Amazon.ca*BH8GB1KL1 866-216-1072 ON,,-12.30,
Visa,4512********6561,10/6/2026,,BUYTIX.CA 416-721-4260 ON,,199.29,
Visa,4512********6561,11/14/2026,,AMZN Mktp CA*OV1BK0XS3 866-216-1072 ON,,176.60,
Visa,4512********6561,4/10/2026,,Amazon.ca*EX2EQ4O33 866-216-1072 ON,,-134.41,
Visa,4512********6561,5/13/2026,,AMZN Mktp CA*OV1BK0XS3 866-216-1072 ON,,199.22,
Visa,4512********6561,5/29/2026,,CONSERVATION HALTON 905-336-1158 ON,,-32.68,
Visa,4512********6561,7/26/2026,,AMZN Mktp CA*4K5541SN3 866-216-1072 ON,,-148.01,
Visa,4512********6561,12/20/2026,,WAL-MART SUPERCENTER#3200OAKVILLE ON,,-215.17,
